Real.Test,Real.CP,Real.CARS,Real.BB,Real.PS,FL1,FL1.CP,FL1.CARS,FL1.BB,FL1.PS,FL2,FL2.CP,FL2.CARS,FL2.BB,FL2.PS,ST,ST.CP,ST.CARS,ST.BB,ST.PS,OG,OG.CP,OG.CARS,OG.BB,OG.PS,SB.CP,SB.BB,SB.PS,TPR.1,TPR.2,TPR.3,TPR.4,TPR.5,TPR.6,TPR.7,TPR.8,NS.1,NS.2,NS.3,NS.4,NS.5,NS.6,NS.7,NS.8,NS.9,NS.10,AL.1,AL.2,AL.3,AL.4,AL.5,AL.6,AL.7,AL.8,AL.9,AL.10,KE.1,KE.2,KE.3,KE.4,KE.5,KE.6,KE.7,KE.8,KE.9,KE.10,KE.11,KE.12,KE.13,KE.14,EK.1,EK.2,EK.3,EK.4,Retaker,Total.tests.taken
509,127,129,128,125,,,,,,,,,,,,,,,,,,,,,,,,,,,,,,,,,,,,,,,,,,,,,,,,,,,,,,,,,,,,,,,,,,,,,,No,
515,131,126,130,128,511,129,127,128,127,514,130,126,130,128,87,83,91,93,81,88,22,23,22,21,,,,501,,,,,,,,510,,,,,,,,,,,,,,,,,,,,,,,,,,,,,,,,,,,,,70,Yes,3
517,129,130,129,129,510,128,127,127,128,513,127,128,129,129,82,68,87,81,93,92,24,24,21,23,75,71,,,,,,,,,,,,,,,,,,,,,,,,,,,,,,499,506,,,,506,,502,507,504,,,,,,,,,Yes,2
519,130,129,132,128,516,130,130,128,128,518,131,131,128,128,,,,,,,,,,,75,63,75,506,505,508,510,513,,,,,,,,,,,,,,,,,,,,,,,,,,,,,,,,,,,,,,,,,,Yes,
516,127,131,129,129,,,,,,514,127,132,126,129,,58,94,76,81,,,,,,,,,,,,,,,,,,,,,,,,,,,,,,,,,,,,,,,,,,,,,,,,,,,,,,,No,
513,129,125,131,128,514,130,127,130,127,510,129,126,128,127,,,,,,,,,,,,,,,,,,,,,,,,,,,,,,,,,,,,,,,,,,,,,,,,,,,,,,,,,,,,Yes,3
501,125,123,125,128,501,126,125,125,125,498,127,123,124,124,62.8,49,70,59,73,,,,,,,,,,,,,,,,,505,500,503,502,,,,,,,,,,,,,,,,,,,,,,,,,,,,,,,,,,,No,
519,131,129,130,129,511,128,129,128,126,514,128,130,129,127,,,,,,,,,,,,,,,,,,,,,,,,,,,,,,,,,,,,,,,,,,505,508,510,,,,,,,,,,,,,,,,No,
510,128,127,130,125,505,128,125,127,125,503,127,125,126,125,,,,,,,,,,,,,,,,,,,,,,,,,,,,,,,,,,,,,,,,,,,,,,,,,,,,,,,,,,,,No,
519,130,129,129,131,515,130,127,129,129,514,129,127,129,129,82.5,78,87,81,85,,,,,,71,74,68,,,,,,,,,509,510,506,508,510,,,,,,,,,,,,,,,,,,,,,,,,,,,,,,,,71.5,,Yes,
521,130,129,130,132,520,131,130,131,128,520,131,130,131,128,90,86,92,92,83,108,26,29,28,25,67,90,80,,,,,,,,,,,,,,,,,,,,,,,,,,,,,506,509,511,511,511,509,512,512,512,514,514,514,514,515,,,,,No,
523,129,132,131,131,517,128,132,130,127,517,129,132,128,128,86,80,96,86,80,,,,,,,,,504,509,,,,,,,,,,,,,,,,,,,,,,,,,,,,,,,,,,,,,,,,,,,,,No,
520,130,128,131,131,514,130,128,129,127,512,127,129,129,127,,,,,,,,,,,,,,,,,,,,,,511,511,510,508,,,,,,,,,,,,,,,,,502,506,509,,,,,,,,,,,,,,,,No,
521,129,131,132,129,522,129,132,131,130,519,129,131,130,128,90,83,96,92,92,,,,,,,,,,,,,,,,,,,,,,,,,,,,,,,,,,,,,504,510,508,512,511,510,513,512,516,510,,,,,,,,,No,
522,132,128,130,132,520,130,131,131,128,516,131,128,130,127,82,86,85,76,81,96,26,23,23,24,80,74,70,500,506,,,,,,,514,,,,,,,,,,,,,,,,,,,,,,,,,,,,,,,,,,,,,,No,
525,132,129,132,132,,,,,,517,131,127,130,129,,,,,,,,,,,,,,509,,,,,,,,,,,,,,,,,,,,,,,,,,,,512,,,,,,,,,,,,,,,,,,,1
524,132,131,130,131,522,130,131,131,130,523,132,131,130,130,92,88,96,92,93,,25,26,27,25,79,79,73,,,,,,,,,,,,,,,,,,,,,,,,,,,,,,,,,,,,,,,,,,,,,,,No,
520,130,128,131,131,517,129,129,130,129,515,129,126,130,130,,,,,,,,,,,77,77,68,,,,,,,,,513,511,508,,,,,,,,,,,,,,,,,,,,,,,,,,,,,,,,,76,76,,Yes,2
511,129,128,127,127,505,126,127,126,126,507,126,127,127,127,,71,77,73,81,,,,,,,,,,,,,,,,,510,,,,,,,,,,,,,,,,,,,,,,,,,,,,,,,,,,,,,,No,
519,131,128,129,131,509,127,126,129,126,509,127,125,128,129,,,,,,,,,,,,,,,,,,,,,,506,506,508,502,509,506,,,,,,,,,,,,,,,,,,,,,,,,,,,,,67,58,65,68,Yes,1
522,131,130,132,129,518,129,129,130,130,514,129,127,129,129,,,,,,,,,,,,,,,,,,,,,,,,,,,,,,,,,,,,,,,,,,502,509,510,,,,,,,,,,,,73,,,71,No,
504,126,125,126,127,497,126,122,125,124,505,126,125,127,127,76.5,71,77,73,85,80,22,18,21,19,68,71,71,,,,,,,,,504,506,501,,,,,,,,,,,,,,,,,,,,,,,,,,,,,,,,,,,,Yes,3
524,131,130,132,131,523,132,130,131,130,517,130,128,130,129,92,90,94,92,90,,,,,,,,,,,,,,,,,,,,,,,,,,,,,,,,,,,,,513,517,511,518,516,514,,,,,,,,,,,,,No,
514,127,128,130,129,511,128,130,127,126,518,129,132,128,129,85,81,89,81,88,94,20,24,24,26,,,,500,505,,,,,,,507,508,507,506,509,,,,,,,,,,,,,,,,,,,,,,,,,,,,,,,,,,Yes,2
522,131,132,128,131,520,131,130,131,128,520,132,130,130,128,89.5,93,94,88,83,,,,,,79,77,70,,,,,,,,,,,,,,,,,,,,,,,,,,,,,510,518,514,515,513,514,,,,,,,,,,,,,No,
514,128,128,127,131,510,,,,,,,,,,,,,,,,,,,,,,,,,,,,,,,,,,,,,,,,,,,,,,,,,,,,502,506,504,,,,,507,,,,,,,,,,No,
524,131,130,132,131,523,132,132,132,127,520,131,128,131,130,,,,,,,,,,,,,,515,512,509,,,,,,517,516,515,,,,,,,,,,,,,,,,,,,,,,,,,,,,,,,,77,82,,,No,
524,129,132,131,132,518,129,132,127,130,518,131,130,128,129,80,78,87,75,80,97,25,25,25,23,63,70,74,,,,,,,,,511,511,,,,,,,,,,,,,,,,,,,,,,,,,,,,,,,,,,,,74,No,
517,130,128,129,130,510,126,128,129,127,511,129,127,128,127,,66,87,85,76,,,,,,63,72,66,,,,,,,,,406,509,507,,,,,,,,,,,,,,,,,,,,,,,,,,,,,,,,,,,,No,
506,129,122,126,129,513,130,126,129,128,515,131,125,130,129,,,,,,,,,,,,,,,,,,,,,,,,,,,,,,,,,,,,,,,,,,,,,,,,,,,,,,,,,,,,Yes,2
508,128,126,125,129,508,,,,,509,,,,,74,,,,,,,,,,,,,,,,,,,,,508,507,509,508,,,,,,,,,,,,,,,,,,,,,,,,,,,,,,,,,,,Yes,2
518,128,128,131,131,518,129,131,130,128,517,129,128,130,130,,,,,,,,,,,,,,,,,,,,,,,,,,,,,,,,,,,,,,,,,,501,508,508,510,511,507,509,509,509,509,513,,,,,,,,Yes,1
513,129,127,129,128,514,,,,,515,,,,,,,,,,,,,,,,,,,,,,,,,,,,,,,,,,,,,,,,,,,,,,,,,,,,,,,,,,,,,,,,No,
509,128,125,127,129,511,127,127,130,127,509,128,126,128,127,83.5,78,87,86,83,,,,,,69,68,69,,,,,,,,,500,512,509,509,,,,,,,,,,,,,,,,,,,,,,,,,,,,,,,,,,,Yes,2
518,129,131,128,130,512,,,,,515,,,,,82.5,,,,,,,,,,74,73,80,,,,,,,,,511,,,,,,,,,,,,,,,,,,,,502,504,506,508,510,513,508,510,,,,,,,,,,,No,
519,128,129,130,132,,,,,,,,,,,,,,,,,,,,,,,,,,,,,,,,,,,,,,,,,,,,,,,,,,,,,,,,,,,,,,,,,,,,,,No,
520,132,128,131,129,514,130,127,130,127,516,130,128,128,128,,,,,,,,,,,,,,502,503,,,,,,,,,,,,,,,,,,,,,,,,,,,502,507,517,,,,,,,,,,,,,,,,No,
523,131,130,131,131,520,130,130,130,130,516,129,128,131,128,88,88,89,86,90,,,,,,78,83,71,,,,,,,,,,,,,,,,,,,,,,,,,,,,,500,513,509,511,513,,,,,,,,,,,,,,No,
523,130,130,132,131,525,130,132,132,131,524,132,130,132,130,90,88,91,97,86,107,28,27,27,25,86,79,83,,,,,,,,,516,,,,,,,,,,,,,,,,,,,,514,518,520,,,,,,,,,,,,,,,,No,
517,129,129,130,129,512,127,130,129,126,,,,,,,,,,,,,,,,,,,,,,,,,,,,,,,,,,,,,,,,,,,,,,,,,,,,,,,,,,,,,,,,,No,
521,131,129,130,131,512,,,,,513,,,,,92,,,,,,,,,,,,,,,,,,,,,,,,,,,,,,,,,,,,,,,,,,,,,,,,,,,,,,,,,,,No,
520,130,130,129,131,516,130,129,129,128,516,128,131,127,130,89,86,94,90,85,,,,,,78,76,78,,,,,,,,,,,,,508,509,508,505,506,506,,,,,,,,,,,,,,,,,,,,,,,,,75,67,,,No,
519,131,129,132,127,,,,,,,,,,,,,,,,,,,,,,,,498,,,,,,,,,,,,,,,,,,,,,,,,,,,,,,,,,,,,,,,,,,,,,,No,
521,130,129,131,131,516,131,130,128,127,521,132,131,127,131,84,88,85,81,81,98,26,28,21,23,71,73,66,507,505,501,,,,,,512,509,511,510,,,,,,,,,,,,,,,,,,,,,,,,,,,,,,,74,73,72,71,No,
525,132,132,132,129,,,,,,521,131,131,129,130,,,,,,,,,,,75,90,75,,,,,,,,,,,,,,,,,,,,,,,,,,,,,508,509,509,510,,512,511,,512,516,513,,,,,,,,No,
522,131,129,132,130,515,130,130,128,127,519,130,130,130,129,88,90,85,90,88,,,,,,,,,,,,,,,,,,,,,,,,,,,,,,,,,,,,,506,512,,,,,,,,,,,,,77,,,,No,
527,132,132,131,132,520,130,130,131,129,518,130,130,130,128,85,75,90,91,78,93,21,29,22,21,70,77,75,505,505,506,509,509,509,509,509,513,513,512,511,512,511,510,512,507,513,,,,,,,,,,,,,,,,,,,,,,,,,,,,69,Yes,
513,130,127,128,128,513,129,128,129,127,508,127,125,131,125,81,78,92,78,76,,,,,,,69,64,,,,,,,,,508,,,,,,,,,,,,,,,,,,,,,,,,,,,,,,,,,,62,69,67,,No,
525,131,132,131,131,523,,,,,521,,,,,91,,,,,,,,,,,,,509,510,510,512,,,,,517,,512,511,,,,,,,,,,,,,,,,,,,,,,,,,,,,,,,,,,,No,
525,130,131,132,132,522,132,132,130,128,523,130,132,132,129,,,,,,,,,,,,,,,,,,,,,,,,,,,,,,,,,,,,,,,,,,513,516,,,,,,,,,,,,,,,,,No,
522,131,129,131,131,522,131,132,131,128,521,131,130,130,130,83.5,90,89,86,69,,,,,,,,,,,,,,,,,,,,,,,,,,,,,,,,,,,,,,,,,,,,,,,,,,,,,,,Yes,2
521,131,127,131,132,520,130,129,130,131,517,130,127,131,129,89,88,87,92,88,98,25,25,21,27,78,90,76,,,,,,,,,514,,,,,,,,,,,,,,,,,,,,,,,,,,,,,,,,,,,,75,69,Yes,
515,127,128,129,131,,,,,,,,,,,,,,,,,,,,,,,,,,,,,,,,,,,,,,,,,,,,,,,,,,,,,,,,,,,,,,,,,,70,,,,No,
528,132,132,132,132,524,132,130,132,130,524,132,130,132,130,98,98,96,100,97,116,29,28,29,30,95,97,95,,,,,,,,,,,,,,,,,,,,,,,,,,,,,,,,,,,,,,,,,,,,,,,No,
520,131,130,131,128,518,130,129,131,128,516,,,,,87,,,,,,,,,,,,,505,503,508,508,,,,,,,,,,,,,,,,,,,,,,,,,,,,,,,,,,,,,,,,,73,71,No,
517,131,126,131,129,515,130,128,130,127,517,127,131,130,129,83,81,89,78,85,,,,,,74,58,72,,,,,,,,,510,509,509,507,513,,,,,,,,,,,,,,,,503,504,506,510,511,504,,,,,,,,,72,74,66,73,No,
518,131,128,127,132,516,129,128,129,130,512,,,,,87,,,,,,,,,,,,,,,,,,,,,,,,,,,,,,,,,,,,,,,,,,,,,,,,,,,,,,,,,,,No,
511,127,129,128,127,508,128,127,127,126,506,129,124,127,126,76,64,81,75,85,93,22,27,20,24,62,46,57,499,497,498,,,,,,,,,,,,,,,,,,,,,,,,,,,504,505,,,,,,,,,,,,,,,,No,
523,129,132,130,132,519,130,130,130,129,515,130,127,129,129,80,69,83,81,86,,,,,,61,64,78,505,502,507,511,,,,,,,,,,,,,,,,,,,,,,,,,,,,,,,,,,,,,,,,,,,No,
515,126,128,130,131,513,129,125,131,128,515,128,127,131,129,85,80,96,83,85,98,24,25,22,27,,,,493,495,499,502,,,,,511,507,509,503,,,,,,,,,,,,,,,,,,,,,,,,,,,,,,,,,68,74,Yes,2
516,130,129,129,128,,,,,,,,,,,,,,,,,,,,,,,,,,,,,,,,,,,,,,,,,,,,,,,,,,,,,,,,,,,,,,,,,,,,,,No,
513,129,126,131,127,509,129,124,129,127,508,129,123,129,127,83,81,83,80,90,,,,,,66,54,62,,,,,,,,,509,,,,,,,,,,,,,,,,,,,,,,,,,,,,,,,,,,,,68,64,No,
509,127,128,125,128,514,127,130,128,128,507,127,129,127,124,84,84,84,84,84,,,,,,56,71,76,,,,,,,,,507,511,510,509,,,,,,,,,,,,,,,,,,,,,,,,,,,,,,,,,,,No,
527,132,132,132,131,528,132,132,132,132,528,132,132,132,132,92,91,98,93,86,105,25,27,28,25,85,90,82,,,,,,,,,509,,,,,,,,,,517,521,519,520,520,524,526,528,525,527,,,,,,,,,,,,,,,,,,,No,
516,128,128,129,131,513,128,130,128,127,,,,,,,,,,,,,,,,,,,,,,,,,,,510,508,509,509,,,,,,,,,,,,,,,,,,,,,,,,,,,,,,,,,69,70,Yes,2
524,129,132,132,131,518,132,128,130,128,522,132,129,132,129,95,99,89,99,89,,,,,,60,55,50,,,,,,,,,,,,,,,,,,,,,,,,,,,,,500,505,506,,,,,,,,,,,,,,,,No,
516,129,130,126,131,,,,,,,,,,,,,,,,,,,,,,,,502,501,503,505,505,501,511,,,,,,,,,,,,,,,,,,,,,,,,,,,,,,,,,,,,,,,,No,
522,130,130,131,131,519,129,132,129,129,520,129,132,130,129,83.25,73,96,81,83,89,16,26,22,25,69,71,83,,,,,,,,,,,512,,,,,,,,,,,,,,,,,,,,,,,,,,,,,,,,,,,,No,
519,131,128,131,129,516,,,,,518,,,,,,,,,,,,,,,,,,,,,,,,,,,,,,,,,,,,,,,,,,,,,,504,513,508,,,,,,,,,,,,,,,,No,
517,129,128,129,131,512,130,127,128,127,515,131,127,130,127,84,80,85,81,90,,17,24,20,19,65,65,74,500,,,,,,,,511,511,509,506,,,,,,,,,,,,,,,,,507,507,510,,,,,,,,,,,,,,,,No,
509,127,128,128,126,502,124,127,125,126,501,126,124,125,126,,,,,,,,,,,69,63,,,,,,,,,,,,,,,,,,,,,,,,,,,,,,494,498,501,503,503,,,,,,,,,,,,,,Yes,2
520,131,126,131,132,519,131,130,130,128,515,131,127,130,127,84,80,85,86,86,,,,,,84,86,75,,,,,,,,,516,,,,,,,,,,,,,,,,,,,,505,508,517,,,,,,,,,,,,,,,,No,
500,125,124,127,124,495,123,121,126,125,493,123,121,127,122,,,,,,,,,,,,,,,,,,,,,,,,,,,,,,,,,,,,,,,,,,,,,,,,,,,,,,,,,,49,58,No,
518,128,130,129,131,516,129,130,130,127,514,127,129,129,129,,,,,,,,,,,,,,500,508,507,,,,,,,,,,,,,,,,,,,,,,,,,,,,,,,,,,,,,,,,,,,,No,
527,132,132,132,131,524,132,132,131,129,524,131,131,132,130,93.4,98,94,93,88,105,26,26,27,26,85,89,80,,,,,,,,,514,515,515,513,517,,,,,,,,,,,,,,,,,,,,,,,,,,,,,,77,82,83,85,No,
520,131,131,128,130,518,130,130,129,129,513,128,130,126,129,75,75,87,61,76,,,,,,74,76,72,,,,,,,,,510,508,509,510,510,,,,,,,,,,,,,,,,,,,,,,,,,,,,,,68,73,68,,No,
514,130,127,129,128,509,129,125,128,126,513,130,126,129,128,86,85,91,83,85,92,25,22,21,24,80,68,63,,,,,,,,,510,511,510,,,,,,,,,,,,,,,,,,,,,,,,,,,,,,,,,,,65,No,
513,127,130,127,129,509,129,125,128,127,511,129,126,128,128,,73,83,80,85,,,,,,69,73,57,,,,,,,,,,,,,,,,,,,,,,,,,,,,,,,,,,,,503,502,,,,,,,,,,Yes,4
524,130,132,131,131,514,129,129,127,129,507,126,128,126,127,89,85,89,90,92,,,,,,,,,508,505,511,,,,,,,,,,,,,,,,,,,,,,,,,,,,,,,,,,,,,,,,,,,,No,
515,129,125,130,131,515,130,127,130,128,515,127,127,130,129,81,80,83,80,81,,,,,,70,65,77,,,,,,,,,507,,507,,,,,,507,505,,,,,,,,,,,,,,,,,,,,,,,,,,,,,No,
516,130,126,128,132,512,,,,,512,,,,,90,,,,,,,,,,,,,497,505,,,,,,,,,,,,,,,,,,,,,,,,,,,,,,,,,,,,,,,,,,,,,No,
522,129,132,130,131,521,130,132,129,130,522,130,131,129,132,84.75,85,91,78,85,,,,,,73,88,80,500,505,504,508,510,509,,,,,,,,,,,,,,,,,,,,,,,505,510,,,,,,,,,,,,,,,,,No,
511,129,128,125,129,507,127,126,128,126,502,127,123,126,126,80,76,81,78,85,85,21,21,20,23,50,58,68,,,,,,,,,502,497,504,502,500,,,,,,,,,,,,,,,,,,,,,,,,,,,,,,,,53,,No,
508,129,123,127,129,,,,,,,,,,,,,,,,,,,,,,,,,,,,,,,,,,,,,,,,,,,,,,,,,,,,,,,,,,,,,,,,,,,,,,Yes,
513,128,132,129,124,,,,,,,,,,,,,,,,,,,,,,,,,,,,,,,,,,,,,,,,,,,,,,,,,,,,490,504,,,,,,,,,,,,,,,,,No,
521,131,128,130,132,520,130,128,130,132,516,128,129,130,129,88.3,92,91,83,88,101,23,26,23,29,,,,,,,,,,,,509,,,,,,,,,,,,,,,,,,,,504,510,508,508,508,506,511,511,513,,,,,,,,,,No,
522,130,130,132,130,517,130,130,129,128,514,129,128,129,128,85,81,92,81,86,,,,,,,,,,,,,,,,,511,510,510,,,,,,,,,,,,,,,,,,,,,,,,,,,,,,,,68,70,74,70,No,
516,129,128,128,131,514,130,129,127,127,513,,,,,,,,,,,,,,,,,,501,503,502,506,,,,,511,509,,,,,,,,,,,,,,,,,,,,,,,,,,,,,,,,,,,,,No,
519,128,132,129,130,522,130,132,129,131,520,131,130,130,129,92,90,96,86,97,,,,,,,,,497,503,502,499,508,503,512,508,,514,512,512,,,,,,,,,,,,,,,,,,514,511,,,,,,,,,,,,77,,,,No,
513,128,128,129,128,516,129,129,129,129,516,129,128,130,129,85.2,78,91,83,90,87,21,19,24,23,74,72,71,504,505,505,,,,,,509,508,508,508,511,,,,,,,,,,,,,,,,,,,,,,,,,,,,,,,,,,No,
520,131,129,131,129,513,130,127,130,126,512,128,128,128,128,82,78,83,83,83,,,,,,,74,,,,,,,,,,,,,,,,,,,,,,,,,,,,,,502,,,,,,,,,,,,,,,,,,No,
521,130,130,131,130,511,128,128,128,127,517,128,132,128,129,80.5,66,92,81,83,,,,,,,,,506,503,,,,,,,,,,,,,,,,,,,,,,,,,,,,,,,,,,,,,,,,,,,,,No,
519,129,132,132,126,516,129,128,130,129,514,128,128,130,128,84,81,89,85,81,,,,,,80,76,75,503,505,507,,,,,,,,,,,,,,,,,,,,,,,,,,,,,,,,,,,,,,,,,,,,No,
509,128,126,129,125,,,,,,,,,,,,,,,,,,,,,,,,,,,,,,,,,,,,,,,,,,,,,,,,,,,,,,,,,,,,,,,,,,,,,,Yes,
518,130,130,128,130,520,130,130,130,130,515,130,128,129,128,90,90,94,90,88,,,,,,,,,,,,,,,,,,,,,,,,,,,,,,,,,,,,,,,,,,,,,,,,,,,,,,,No,
525,132,129,132,132,523,130,132,132,129,524,131,131,132,130,88,92,94,86,81,,,,,,84,87,76,,,,,,,,,,,,,,,,,,,,,,,,,,,,,513,519,518,,,,,,,,,,,,,,,,No,
517,129,128,131,129,516,130,128,130,128,509,128,127,127,127,83,80,85,83,83,,,,,,,,,,,,,,,,,,510,507,510,,,,,,,,,,,,,,,,,,,,,,,,,,,,,,,,,69,72,No,
511,127,127,130,127,502,127,124,126,125,500,126,125,126,124,,39,51,34,14,,,,,,60,71,,,,,,,,,,509,509,,,,,,,,,,,,,,,,,,,,,,,,,,,,,,,,,,,,,Yes,3
520,131,128,132,129,519,130,128,132,129,,,,,,,,,,,,,,,,,,,,,,,,,,,,,,,,,,,,,,,,,,,,,,,507,507,508,507,509,511,510,,,,,,,,,,,,No,
511,127,127,127,130,508,,,,,509,,,,,,,,,,,,,,,,,,,,,,,,,,,,,,,,,,,,,,,,,,,,,,502,497,498,505,506,506,507,508,506,504,507,506,,,,,,,No,
510,127,128,127,128,506,128,124,128,126,,,,,,,,,,,95,19,25,25,26,49,59,65,,,,,,,,,509,508,504,,,,,,,,,,,,,,,,,,,,,,,,,,,,,,,,,,,,Yes,2
512,128,130,123,131,509,126,130,125,128,511,127,130,126,128,74,56,90,60,91,,,,,,,,,,,,,,,,,,,,,,,,,,,,,,,,,,,,,498,497,498,501,501,504,503,501,504,502,,,,,,,,,No,
515,131,128,129,127,,,,,,,,,,,,,,,,,,,,,,,,,,,,,,,,,,,,,,,,,,,,,,,,,,,,,,,,,,,,,,,,,,,,,,Yes,1
525,131,131,131,132,522,131,132,130,129,517,130,128,130,129,89,83,98,85,90,114,29,29,28,28,90,91,94,506,505,508,,,,,,,,,,,,,,,,,,,,,,,,,,,,,,,,,,,,,,,,,,,,No,
521,131,128,131,131,516,130,129,129,128,519,131,128,130,130,85,76,91,86,75,,,,,,,,,,,,,,,,,515,510,513,512,513,,,,,,,,,,,,,,,,,,,,,,,,,,,,,,,,,,No,
523,130,131,131,131,519,129,132,129,129,515,126,131,129,129,,85,,80,93,,24,29,22,22,68,71,70,,,,,,,,,,,,,,,,,,,,,,,,,,,,,,,,,,,,,,,,,,,,,,,No,
519,130,130,130,129,518,129,130,129,130,512,129,126,130,127,84.7,80,87,86,86,99,21,27,26,25,,,,,,,,,,,,,,,,,,,,,,,,,,,,,,,,504,503,509,510,508,509,,,,,,,,,,,,,No,
521,130,129,131,131,520,130,130,131,129,514,128,129,130,127,,,,,,,,,,,,,,505,504,,,,,,,,,,,,,,,,,,,,,,,,,,,504,512,511,,,,,,,,,,,,,,,,No,
504,127,126,125,126,,,,,,511,128,128,126,129,78,76,87,76,73,95,22,23,24,26,,,,498,501,503,505,,,,,,,,,,,,,,,,,,,,,,,,,,,,,,,,,,,,,,,,,,,No,
517,129,128,129,131,509,127,128,129,125,512,127,127,129,129,,,,,,,,,,,,,,,,,,,,,,,,,,,,,,,,,,,,,,,,,,499,497,502,507,507,,,,,,,,,,,,,,No,
524,131,132,130,131,520,132,130,129,129,522,131,130,131,130,,85,98,83,93,96,24,27,21,24,81,76,77,503,505,,,,,,,511,512,513,508,513,,,,,,,,,,,,,,,,507,,,,,,,,,,,,,,,,,,No,
472,118,118,118,118,509,129,126,128,126,510,127,124,129,130,79.75,66,85,83,85,,24,,24,26,,,,,,,,,,,,505,504,,509,509,,,,,,,,,,,,,,,,,,,,,,,,,,,,,,,,,65,Yes,2
516,129,129,128,130,,,,,,,,,,,,,,,,,,,,,,,,,,,,,,,,,,,,,,,,,,,,,,,,,,,,510,513,,,,,,,,,,,,,,,,,Yes,2
507,127,123,129,128,503,126,124,128,125,502,126,123,128,125,,,,,,,,,,,,,,,,,,,,,,,,,,,,,,,,,,,,,,,,,,,,,,,,,,,,,,,,,,,,No,
528,132,132,132,132,521,130,132,130,129,518,129,130,130,126,,,,,,,,,,,,,,,,,,,,,,,,,,,,,,,,,,,,,,,,,,,,,,,,,,,,,,,,,,,,No,
526,132,130,132,132,524,132,130,131,131,523,132,128,131,132,93,93,94,93,93,104,28,25,26,25,83,76,75,,,,,,,,,513,514,516,,,,,,,,,,,,,,,,,,,,,,,,,,,,,,,,75,,76,,No,
526,131,131,132,132,518,132,128,129,129,522,131,130,132,129,90,90,87,95,90,104,,,,,75,79,74,,,,,,,,,517,,,,,,,,,,,,,,,,,,,,504,516,,,,,,,,,,,,,,,,,No,
514,128,126,130,130,515,128,128,129,130,516,130,128,129,129,85,83,92,85,81,,,,,,71,78,74,,,,,,,,,508,508,507,,505,,,,,,,,,,,,,,,,,,,,,,,,,,,,,,,,70,70,No,
520,129,127,132,132,519,130,131,128,130,515,127,129,131,128,80,66,91,81,83,96,22,27,21,26,66,70,78,,,,,,,,,,,,,,,,,,,,,,,,,,,,,503,506,506,512,,,,,,,,,,,,,,,No,
507,125,126,128,128,507,126,128,127,126,506,126,126,127,127,70,56,81,58,86,,,,,,56,54,69,,,,,,,,,,,,,,,,,,,,,,,,,,,,,,,,502,,,,,,,,,,,,,,,Yes,2
522,131,132,130,129,,,,,,517,130,129,130,128,87,85,92,86,86,,,,,,,,,502,501,507,509,514,,,,,,,,,,,,,,,,,,,,,,,,,,,,,,,,,,,,,,,,,,No,
519,130,127,131,131,515,129,130,129,127,515,130,126,130,129,,80,83,86,81,,,,,,,,,510,506,507,,,,,,,,,,,,,,,,,,,,,,,,,,506,511,,,,,,,,,,,,,,,,,No,
516,125,131,128,132,515,,,,,514,,,,,,,,,,,,,,,,,,501,,,,,,,,,,,,,,,,,,,,,,,,,,,,,,,,,,,,,,,,,,,,,,No,
525,132,129,132,132,,,,,,,,,,,,,,,,,,,,,,,,514,516,513,,,,,,,,,,,,,,,,,,,,,,,,,,,,,,,,,,,,,,,,,,,,No,
515,129,129,128,129,,,,,,,,,,,,,,,,,,,,,,,,,,,,,,,,509,510,512,512,512,,,,,,,,,,,,,,,,,,,,,,,,,,,,,,,,,,Yes,1
521,130,129,132,130,519,131,129,131,128,519,131,129,129,130,,,,,,,,,,,,,,,,,,,,,,,,,,,,,,,,,,,,,,,,,,505,510,510,508,512,514,,512,512,512,514,,,,,,,,No,
528,132,132,132,132,522,130,131,131,130,520,129,130,131,130,,,,,,,,,,,,,,,,,,,,,,,,,,,,,,,,,,,,,,,,,,,,,,,,,,,,,,,,,,,,Yes,1
524,132,130,132,130,518,129,127,131,131,511,127,125,130,129,88,88,91,88,85,,,,,,78,76,76,503,503,,,505,,,,,,,,,,,,,,,,,,,,,,,,,,,,,,,,,,,,,,,,,,No,
511,129,127,127,128,509,127,127,128,127,511,126,130,127,128,,,,,,,,,,,,,,,,,,,,,,510,,,,,,,,,,,,,,,,,,,,501,500,504,505,507,509,,,,,,,,,,,,,No,
519,130,129,131,129,513,130,129,128,126,509,126,129,128,126,,,,,,,,,,,,,,,,,,,,,,,,,,,,,,,,,,,,,,,,,,503,509,,,,,,,,,,,,,,,,,No,
519,130,128,132,129,513,128,130,129,126,515,128,130,130,127,83,76,87,88,83,99,,,,,70,78,63,,,,,,,,,508,510,509,508,,,,,,,,,,,,,,,,,,508,509,,,,,,,,,,,,,,68,,No,
519,129,132,128,130,519,130,132,128,129,518,129,131,130,128,,,,,,,,,,,,,,504,505,508,511,502,506,503,,,,,,,,,,,,,,,,,,,,,,,,,,,,,,,,,,,,,,,,No,
526,131,131,132,132,521,130,132,132,127,524,132,131,131,130,,,,,,,,,,,,,,,,,,,,,,,517,513,,,,,,,,,,,,,,,,,,,,,,,,,,,,,,,,71,,72.5,72.8,No,
525,132,131,132,130,518,129,130,130,129,523,131,132,130,130,93,90,94,95,83,,,,,,,,,,,,,,,,,,,,,,,,,,,,,,,,,,,,,507,514,516,516,,,,,,,,,,,,,,,No,
516,130,128,129,129,515,,,,,512,,,,,0.87,0.85,0.89,0.9,0.76,,,,,,,,,,,,,,,,,,,,,,,,,,,,,,,,,,,,,506,510,511,512,516,,,,,,,,,,,,,,No,
513,129,126,130,128,505,127,125,127,126,507,126,127,129,125,71,63,85,66,68,80,14,23,20,23,,,,,,,,,,,,,,,,,,,,,,,,,,,,,,,,,,,,,,,,,,,,,,,,,,No,
516,129,130,130,127,,,,,,,,,,,,,,,,,,,,,,,,,,,,,,,,,,,,,,,,,,,,,,,,,,,,488,508,507,,,,,,,,,,,,,,,,No,
517,131,129,127,130,514,129,130,127,128,516,129,131,128,128,84.5,80,94,78,86,,,,,,,,,,,,,,,,,,,,,,,,,,,,,,,,,,,,,,,,,,,,,,,,,,,,,,,No,
512,128,125,130,129,510,129,128,127,126,508,126,127,128,127,,68,77,71,68,,,,,,,,,,,,,,,,,,,,,,,,,,,,,,,,,,,,,,,,,,,,,,,,,,,,,,,No,
519,130,130,128,131,517,129,132,129,127,517,131,130,127,129,83,76,91,68,85,104,28,28,26,26,,,,,,,,,,,,,,,,,,,,,,,,,,,,,,,,503,508,507,,,,,,,,,,,,,,,,No,
523,131,130,130,132,520,130,132,129,129,521,129,132,131,129,87,83,96,85,85,,,,,,76,73,78,,,,,,,,,512,512,513,512,,,,,,,,,,,,,,,,,507,,,,,,,,,,,,,,,,,,No,
520,130,129,131,130,,,,,,514,130,128,129,127,,,,,,,,,,,,,,,,,,,,,,511,,,,,,,,,,,,,,,,,,,,,,,,,,,,,,,,,,,,,,No,
508,127,125,129,127,504,,,,,505,,,,,,,,,,,,,,,,,,,,,,,,,,,506,511,512,,,,,,,,,,,,,,,,,,,,,,,508,510,,,,,,,,,,,Yes,3
518,130,127,130,131,520,132,129,132,127,516,130,126,130,130,,92,81,90,93,,,,,,,,,,,,,,,,,510,512,507,507,,,,,,,,,,,,,,,,,,,,,,,,,,,,,,,,,76,74,No,
501,125,124,124,128,,,,,,,,,,,,,,,,,,,,,,,,,,,,,,,,,,,,,,,,,,,,,,,,,,,,,,,,,,,,,,,,,,,,,,Yes,2
511,125,125,129,132,504,126,124,127,127,505,126,125,127,128,68.5,58,77,64,75,,,,,,53,70,64,,,,,,,,,,,,,,,,,,,,,,,,,,,,,,,,,,,,,,,,,,,,,,,No,
526,132,132,130,132,517,129,131,129,128,516,129,132,128,127,83,86,85,75,83,95,26,22,23,24,73,75,68,508,505,506,,,,,,,,,,,,,,,,,,,,,,,,,,,,,,,,,,,,,,,,,,,,Yes,1
508,127,125,127,129,500,126,122,125,127,505,126,126,128,125,74,59,72,76,88,,,,,,67,62,68,,,,,,,,,504,503,,502,,,,,,,,,,,,,,,,,,,,,,,,,,,,,,,60,61,63,63,No,
523,131,132,131,129,523,131,130,132,130,520,131,128,132,129,91,86,98,86,86,,,,,,,83,,,,,,,,,,,,,,,,,,,,,,,,,,,,,,504,514,,,,,,,,,,,,,,,,,Yes,3
523,130,131,131,131,518,129,130,130,129,,,,,,,,,,,,,,,,69,,79,,,,,,,,,,,,,,,,,,,,,,,,,,,,,,,513,511,516,511,,,,,,,,,,,,,Yes,1
514,128,127,131,128,515,129,127,132,127,512,128,127,130,127,87,85,89,92,85,,,,,,77,76,69,,,,,,,,,,,,,,,,,,,505,,,,,,,,,,490,,,,,,,,,,,,,,,,,,No,
518,128,126,132,132,514,129,128,129,128,512,129,125,131,127,,71,81,81,80,95,26,23,23,23,,,,,,,,,,,,508,504,508,504,,,,,,,,,,,,,,,,,,,,,,,,,,,,,,,,,,,No,
528,132,132,132,132,522,130,131,132,129,521,131,131,130,129,93,97,92,90,93,,,,,,74,78,67,507,505,506,,,,,,,,,,,,,,,,,,,,,,,,,,515,513,,,,,,,,,,,,,,,,,No,
522,129,131,131,131,513,129,129,127,128,517,129,128,130,130,89,85,94,86,92,,,,,,63,69,71,,,,,,,,,508,511,511,511,,,,,,,,,,,,,,,,,,,,,,,,,,,,,,,66,72,73,,No,
516,131,127,130,128,509,127,129,126,127,507,128,126,126,127,83.25,85,77,81,90,96,25,19,26,26,69,65,68,,,,,,,,,,,,,,,,,,,,,,,,,,,,,,,,,,,,,,,,,,,,,,,Yes,1
520,132,127,132,129,516,131,127,130,128,518,131,128,130,129,,,,,,,,,,,,,,503,504,511,510,509,511,510,511,,,,,,,,,,,,,,,,,,,,,,,,,,,,,,,,,,,,,,,No,
512,127,127,130,128,512,128,130,128,126,509,128,127,127,127,,,,,,,,,,,,,,,,,,,,,,505,505,506,503,503,505,507,508,,,,,,,,,,,,,,,,,,,,,,,,,,,,,,78,No,
513,127,125,130,131,509,129,125,130,125,505,126,124,128,127,81,76,77,80,90,85,22,22,18,23,66,73,70,498,,,,,,,,507,507,506,509,,,,,,,,,,,,,,,,,498,,,,,,,,,,,,,,,,,,No,
518,127,132,127,132,515,128,129,130,128,514,128,128,130,128,85.75,76,87,92,88,,19,,24,25,66,58,78,501,504,501,,,,,,511,510,505,,,,,,,,,,,,,,,,,,502,,,,,,,,,,,,,,,,75,72,No,
521,129,131,131,130,519,129,130,132,128,516,128,130,130,128,80,80,89,81,73,101,27,27,23,24,76,76,75,,,,,,,,,,,,,,,,,,,,,,,,,,,,,,,,,,,,,,,,,,,,,,,No,
523,131,130,132,131,524,131,132,132,129,522,131,131,130,130,,,,,,,,,,,,,,,,,,,,,,,,,,,,,,,,,,,,,,,,,,,,,,,,,,,,,,,,,,,,No,
517,132,127,130,128,513,128,127,129,129,514,129,128,128,129,82,80,74,85,88,,,,,,,,,497,504,,,,,,,509,,,,,,,,,,,,,,,,,,,,,,,,,,,,,,,,,,,,,,No,
521,128,132,131,130,517,129,130,131,127,518,129,128,132,129,85,75,94,83,85,95,22,28,23,22,76,,74,,,,,,,,,,,,,,,,,,,,,,,,,,,,,505,508,513,,,,,,,,,,,,,,,,No,
519,128,130,130,131,516,127,130,130,129,514,127,131,127,129,86,80,91,81,93,101,22,27,26,26,72,82,78,501,,,,,,,,510,,,,,,,,,,,,,,,,,,,,507,510,510,,,,,,,,,,,,,,,,No,
507,128,126,124,129,511,128,129,127,127,508,126,129,126,127,,,,,,89,19,23,22,25,51,46,64,,,,,,,,,503,,,,,,,,,,,,,,,,,,,,499,503,501,,,,,,,,,,,,,,,,No,
520,129,131,130,130,515,129,129,129,128,514,128,129,128,129,83.5,81,92,81,80,102,25,26,26,25,82,77,68,500,503,503,505,503,504,504,506,,,,,,,,,,,,,,,,,,,,,,,,,,,,,,,,,,,,,,,Yes,2
524,132,132,131,129,521,130,130,132,129,518,130,130,130,128,76,76,85,69,76,,,,,,,,,,,,,,,,,512,513,509,512,513,514,,,,,,,,,,,,,,,509,512,516,,,,,,,,,,,,,,,,No,
510,129,122,129,130,514,130,124,130,130,516,130,125,130,131,83,85,75,83,90,107,26,26,28,27,78,80,80,509,,,,,,,,510,509,508,509,509,508,508,508,508,508,509,508,508,508,507,508,507,,,,,,,,,,,,,,,,,,,,,,No,
515,128,129,127,131,504,124,127,127,126,511,126,130,128,127,,,,,,,,,,,,,,,,,,,,,,509,504,506,500,507,,,,,,,,,,,,,,,,,,,,,,,,,,,,,,,,,,Yes,3
509,128,127,127,127,507,128,126,127,126,,,,,,,,,,,,,,,,,,,,,,,,,,,506,507,508,504,511,,,,,,508,506,,,,,,,,,,,,,,,,,,,,,,,,,,,Yes,2
511,128,127,127,129,504,126,127,127,124,505,124,127,127,127,72,56,81,68,85,83,14,19,24,26,,,,499,501,,,,,,,507,,,,,,,,,,,,,,,,,,,,,,,,,,,,,,,,,,,,,,No,
500,125,125,125,125,,,,,,,,,,,,,,,,,,,,,,,,,,,,,,,,505,,,,,,,,,,,,,,,,,,,,,,,,,,,,,,,,,,,,,,No,
528,132,132,132,132,520,130,130,131,129,520,132,129,131,128,88,95,92,88,75,98,26,27,24,21,85,82,70,508,,,,,,,,,,,,,,,,,,,,,,,,,,,,512,,,,,,,,,,,,,,,,,,No,
507,126,124,127,130,508,128,125,127,128,508,127,125,128,128,78.5,71,89,73,81,,,,,,,,,,,,,,,,,,508,507,504,,,,,,,,,,,,,,,,,499,,,,,,,,,,,,,,,,,,Yes,2
505,125,126,127,127,505,126,128,126,125,503,126,126,125,126,,54,87,63,78,,,,,,76,67,72,,,,,,,,,502,502,504,503,509,,,,,,,,,,,,,,,,,,,,,,,,,,,,,,,,,,No,
500,125,125,125,125,,,,,,,,,,,,,,,,,,,,,,,,,,,,,,,,,,,,,,,,,,,,,,,,,,,,,,,,,,,,,,,,,,,,,,No,
520,129,129,131,131,517,130,128,131,128,514,130,128,130,126,81,83,85,83,73,,,,,,,,,,,,,,,,,508,511,507,508,513,510,,,,,,,,,,,,,,,,,,,,,,,,,,,,,,,,,No,
524,130,132,130,132,,,,,,519,130,130,130,129,,,,,,,,,,,,,,,,,,,,,,,,,,,,,,,,,,,,,,,,,,508,514,513,,,,,,,,,,,,,,,,No,
503,125,125,127,126,507,129,126,127,125,506,127,125,127,127,72,63,79,69,76,,,,,,,,,,,,,,,,,,,,,,,,,,,,,,,,,,,,,498,502,502,507,505,504,,,,,500,,,,,,,,No,
517,130,126,131,130,514,129,128,129,128,517,130,127,131,129,87,86,91,90,81,103,25,26,26,26,67,81,68,,,,,,,,,512,,,,,,,,,,,,,,,,,,,,503,509,,,,,,,,,,,,,73,81,,,No,
510,129,125,129,127,504,127,122,130,125,,,,,,,,,,,,,,,,,,,,,,,,,,,,,,,,,,,,,,,,,,,,,,,496,,,,,,,,,,,,,,,,,,Yes,1
515,127,128,130,130,512,127,128,130,127,512,128,128,130,126,,,,,,,,,,,,,,,,,,,,,,,,,,,,,,,,,,,,,,,,,,502,506,,,,,,506,,,,,,,,,,,No,
517,129,127,130,131,518,130,128,131,129,515,130,125,130,129,,85,79,88,81,,,,,,,,,502,498,504,505,509,505,506,507,,,,,,,,,,,,,,,,,,,,,,,,,,,,,,,,,,,,,,,No,
509,125,129,127,128,509,126,129,128,126,504,124,127,126,127,82,68,95,87,67,,,,,,,,,,,,,,,,,,,,,,,,,,,,,,,,,,,,,,,,,,,,,,,,,,,,,,,No,
520,132,128,130,130,520,130,129,131,130,520,132,128,131,129,91,93,91,90,92,83,17,19,20,27,91,79,73,,,,,,,,,505,516,513,513,,,,,,,,,,,,,,,,,,,,,,,,,,,,,,,81,79,,,No,
514,130,128,128,128,511,130,127,128,126,515,130,130,128,127,66,87,69,83,,91,20,21,23,27,70,67,78,,,,,,,,,,,,,,,,,,,,,,,,,,,,,,,,,,,,,,,,,,,68,,67,,No,
522,132,128,132,130,,,,,,,,,,,,,,,,,,,,,,,,505,,,,,,,,,,,,,,,,,,,,,,,,,,,,,,,,,,,,,,,,,,,,,,Yes,2
521,131,128,131,131,514,130,126,130,128,520,131,130,132,127,86.5,85,83,88,90,,,,,,78,75,71,,,,,,,,,,,,,,,,,,,,,,,,,,,,,505,513,510,510,511,513,510,514,510,,,,,,,,,,No,
519,130,129,130,130,515,,,,,511,,,,,,,,,,,,,,,,,,,,,,,,,,,,,,,,,,,,,,,,,,,,,,501,506,507,510,507,,,,,,,,,,,,,,No,
524,132,130,132,130,519,131,130,128,130,519,131,129,129,130,,,,,,,,,,,75,81,73,,,,,,,,,,,,,,,,,,,,,,,,,,,,,,,,,,,,,,,,,,,,,,,No,
521,131,130,130,130,520,129,132,130,129,516,130,130,128,128,88,76,94,92,92,91,17,26,24,24,,,,,,,,,,,,516,,,,,,,,,,,,,,,,,,,,505,507,512,,,,,,,,,,,,,,,,No,
510,128,127,127,128,507,127,126,129,125,514,129,127,129,129,,,,,,,,,,,,,,,,,,,,,,,,,,,,,,,,,,,,,,,,,,,,,,,,,,,,,,,,,,63,,Yes,2
520,131,130,130,129,,,,,,519,130,130,131,128,,,,,,,,,,,,,,,,,,,,,,,,,,,,,,,,,,,,,,,,,,,,,,,,,,,,,,,,,,,,No,
518,129,129,128,132,516,128,130,130,128,514,129,131,128,126,83,85,87,78,83,,,,,,,,,,,,,,,,,,,,,,,,,,,,,,,,,,,,,507,511,513,,,,,,,,,,,,,,,,No,
519,130,128,130,131,519,132,130,128,129,509,129,127,127,126,88,90,92,86,83,,,,,,,,,503,,,,,,,,513,511,510,512,515,511,,,,,,,,,,,,,,,,,,,,,,,,,,,,,,,,,Yes,2
515,130,127,128,130,508,126,127,130,125,513,128,128,129,128,75,76,83,75,68,,,,,,78,,67,,,,,,,,,507,,,,,,,,,,,,,,,,,,,,,,,,,,,,,,,,,,65,,66,,Yes,3
517,130,129,128,130,512,128,130,128,126,516,130,129,130,127,,,,,,,,,,,63,56,71,,,,,,,,,,,,,,,,,,,,,,,,,,,,,503,508,508,,,,,,,,,,,,,,,,No,
512,129,126,128,129,511,128,126,129,128,508,130,124,129,125,,85,92,83,88,,,,,,79,73,74,500,,,,,,,,511,505,507,,,,505,,,,,,,,,,,,,,,,,,,,,,,,,,,,66,,,,No,
514,128,126,130,130,515,,,,,515,,,,,,,,,,,,,,,,,,,,,,,,,,509,510,510,509,,,,,,,,,,,,,,,,,,,,,,,,,,,,,,,,,,,No,
510,126,128,128,128,509,128,127,129,125,508,128,127,128,126,,,,,,,,,,,,,,,,,,,,,,507,507,506,,,,,,,,,,,,,,,,,,,,,,,,,,,,,,,,,,,,No,
526,132,132,130,132,524,132,132,131,129,523,131,132,131,129,,,,,,,,,,,,,,,,,,,,,,,,,,,,,,,,,,,,,,,,,,,,,,,,,,,,,,,,,,,,No,
522,131,129,132,130,517,130,130,129,128,518,131,128,131,128,85,81,92,83,83,,,,,,78,83,76,506,504,,,,,,,,,,,,,,,,,,,,,,,,,,,506,508,509,,,,,,,,,,,,,,,,No,
513,129,129,128,127,519,,,,,517,,,,,80,,,,,,,,,,,,,,,,,,,,,,,,,,,,,,,,,,,,,,,,,504,507,508,508,513,509,,,,,,,,,80,,,,No,
521,131,132,130,128,,,,,,,,,,,,,,,,,,,,,76,77,,507,,,,,,,,,,,,,,,,,,,,,,,,,,,,508,,,,,,,,,,,,,,,,,,No,
518,128,129,130,131,512,128,130,127,127,507,126,128,126,127,81.25,81,87,71,86,,,,,,69,65,80,,,,,,,,,510,511,511,508,511,509,,,,,,,,,,,,,,,,,,,,,,,,,,,,,72,74,73,77,No,
511,128,126,129,128,516,129,129,129,129,513,130,129,128,126,79.5,75,87,76,81,,,,,,,,,,,,,,,,,,,,,,,,,,,,,,,,,,,,,,,,,,,,,,,,,,,,,,,Yes,2
518,126,132,130,130,509,,,,,508,,,,,,,,,,,,,,,,,,,,,,,,,,,,,,,,,,,,,,,,,,,,,,498,505,505,505,509,502,505,,,,,,,,,,,,No,
525,132,132,130,131,523,132,132,130,129,522,131,132,131,128,87,92,92,83,83,102,25,27,25,25,,73,73,,,,,,,,,,,,,,,,,,,,,,,,,,,,,514,515,,,,,,,,,,,,,,,,,No,
511,127,128,127,129,507,126,130,126,125,507,127,128,125,127,,,,,,,,,,,,,,,,,,,,,,,,,,,,,,,,,,,,,,,,,,501,505,505,508,506,505,,,,,,,,,,,,,No,
506,126,126,126,128,507,126,129,126,126,502,124,127,126,125,,,,,,,,,,,,,,,,,,,,,,,506,504,,,,,,,,,,,,,,,,,,,,,,,,,,,,,,,,,,,,No,
516,130,130,130,126,517,130,129,131,127,515,129,129,131,126,,,,,,,,,,,,,,,,,,,,,,,,,,,,,,,,,,,,,,,,,,,,,,,,,,,,,,,,,,,,No,
506,126,127,126,127,509,,,,,509,,,,,,,,,,,,,,,45,65,69,,,,,,,,,508,507,505,503,,,,,,,,,,,,,,,,,,,,,,,,,,,,,,,,,,,Yes,2
524,132,130,131,131,521,131,130,130,130,524,132,131,132,129,93,90,98,92,92,105,26,28,27,24,88,89,80,,,,,,,,,514,518,514,,,,,,,,515,,,,,,,,,,,,,,,,,,,,,,,,,,,,Yes,2
514,131,127,129,127,516,131,130,128,127,513,129,128,131,125,,,,,,,,,,,,,,500,502,505,,,,,,,,,,,,,,,,,,,,,,,,,,,,,,,,,,,,,,,,,,,,No,
520,129,131,129,131,514,130,129,127,128,509,126,131,123,129,,71,96,80,92,,,,,,,,80,,,,,,,,,,,,,,,,,,,,,,,,,,,,,509,,,,,,,,,,,,,,,,,,No,
518,127,130,130,131,518,,,,,518,131,129,128,130,,,,,,,,,,,,,,503,,,,,,,,507,511,508,507,512,,,,,,,,,,,,,,,,507,,,,,,,,,,,,,,,,,,No,
509,128,125,128,128,504,127,124,128,125,508,129,124,128,127,0.77,0.64,0.74,0.85,0.85,90,24,20,21,25,0.7,0.63,0.61,497,496,500,503,,,,,,,,,,,,,,,,,,,,,,,,,,,,,,,,,,,,,,,,,,,No,
513,130,126,130,127,511,128,126,131,126,509,130,126,128,125,78.8,88,81,80,66,82,22,17,21,22,59,72,62,,,,,,,,,,,,,,,,,,,,,,,,,,,,,,,,,,,,,,,,,,,,,,,No,
521,131,129,131,130,517,130,129,131,127,517,130,129,130,128,,86,87,90,81,,,,,,,,,,,,,,,,,511,,,,,,,,,,,,,,,,,,,,,,,,,,,,,,,,,,,,,,Yes,2
526,132,130,132,132,526,131,132,132,131,522,130,129,131,130,96,97,98,97,92,,,,,,76,83,77,513,516,,,,,,,,,,,,,,,,,,,,,,,,,,,513,520,,,,,,,,,,,,,83,,,,No,
515,127,128,130,130,514,129,129,128,127,514,129,129,130,126,,,,,,,,,,,,,,501,,,,,,,,510,,,,,,,,,,,,,,,,,,,,,,,,,,,,,,,,,,,,,,No,
521,129,132,130,130,516,128,130,130,128,511,127,130,129,125,83.5,69,92,88,85,,,,,,76,70,65,,,,,,,,,508,508,507,509,510,,507,506,505,507,,,,,,,,,,,,,,,,,,,,,,,,,,,,,Yes,2
517,132,126,129,130,511,129,128,128,126,512,129,126,130,127,82,81,79,88,81,,,,,,,,,506,,,,,,,,508,,,,,,,,,,,,,,,,,,,,,,,,,,,,,,,,,,,,,,No,
518,128,130,128,132,516,131,129,130,126,520,130,130,132,128,87,80,92,88,88,,,,,,,,,,,,,,,,,,,,,,,,,,,,,,,,,,,,,,,,,,,,,,,,,,,,,,,Yes,1
525,132,130,131,132,519,131,128,130,130,512,130,125,130,127,84,80,91,85,81,97,26,21,25,25,82,87,81,,504,,,,,,,501,,509,,,,,,,507,503,,,,,,,,509,507,502,508,509,,,,,,,,,,,,,,,,No,
515,128,128,131,128,507,127,127,129,124,,,,,,,,,,,,,,,,,,,,,,,,,,,,,,,,,,,,,,,,,,,,,,,500,504,504,,,,,,,,,,,,,,,,No,
517,127,128,132,130,515,129,128,130,128,508,128,125,128,126,,,,,,,,,,,68,75,75,,,,,,,,,511,510,510,510,,,,,,,,,,,,,,,,,,,,,,,,,,,,,,,,,,,No,
518,129,129,130,130,,,,,,,,,,,,,,,,,,,,,,,,,,,,,,,,,,,,,,,,,,,,,,,,,,,,,,,,,,,,,,,,,,,,,,Yes,2
516,129,129,130,128,515,129,131,129,126,512,127,130,128,127,,,,,,88,22,24,20,22,,76,68,496,498,499,,,,,,512,512,512,512,,,,,,,504,508,508,508,,,,,,,506,508,508,,,,,,,,,,,,,,,,Yes,3
520,130,131,128,131,514,130,129,129,126,512,129,129,128,126,,,,,,,,,,,,,,,,,,,,,,,,,,,,,,,,,,,,,,,,,,,,,,,,,,,,,,,,,,,,Yes,3
502,125,126,124,128,,,,,,,,,,,,,,,,,,,,,,,,,,,,,,,,,,,,,,,,,,,,,,,,,,,,,,,,,,,,,,,,,,,,,,Yes,2
512,128,125,129,130,513,130,126,130,126,,,,,,,0.61,0.7,0.8,0.8,,,,,,,,,,,,,,,,,509,510,508,505,,,,,,,505,,,,,,,,,,,,,,,,,,,,,,,,70,,,,Yes,2
516,129,128,129,130,518,130,130,130,128,517,131,129,130,127,84,90,91,75,80,,,,,,,,,,,,,,,,,511,511,511,,,,,,,,,,,,,,,,,,,,,,,,,,,,,,,,70,71,,,Yes,1
522,129,131,131,131,522,130,132,130,130,516,128,129,131,128,,,,,,,,,,,63,,,,,,,,,,,,,,,,,,,,,,,,,,,,,,,,,,,,,,,,,,,,,,,,,No,
510,129,126,127,128,508,128,126,127,127,510,131,124,128,127,83.25,78,92,78,85,,,,,,,,,,,,,,,,,,,,,,,,,,,,,,,,,,,,,,,,,,,,,,,,,,,,,,,No,
510,128,127,127,128,505,127,121,130,127,507,128,125,127,127,,,,,,,,,,,,,,,,,,,,,,,,,,,,,,,,,,,,,,,,,,,,,,,,,,,,,,,,,,,,No,
512,127,126,129,130,512,128,128,129,127,509,128,124,130,127,83,75,87,83,88,97,23,24,25,25,70,74,73,,,,,,,,,,,,,,,,,,,,,,,,,,,,,499,507,509,506,508,,,,,,,,,,,,,,No,
524,131,131,130,132,521,130,132,131,128,521,130,131,131,129,85.2,81.3,96.2,81.3,83,,,,,,75,78,66,,,,,,,,,512,,,,,,,,,,,,,,,,,,,,,,,,,,,,,,,,,,77,,77,72,No,
519,130,129,130,130,518,129,130,132,127,516,130,130,129,127,83,86,81,78,86,,,,,,69,75,76,,,,,,,,,511,509,512,508,,,,,,,,,,,,,,,,,,,,,,,,,,,,,,,69,70,67,71,No,
509,126,128,128,127,512,128,130,127,127,515,129,128,129,129,81,75,83,88,80,,,,,,69,65,58,,,,,,,,,505,,,,,,,,,,,,,,,,,,,,,,,499,498,500,501,501,,,,,,,,,63,,Yes,2
513,129,127,128,129,510,128,128,128,126,,,,,,,,,,,,,,,,,,,,,,,,,,,,,,,,,,,,,,,,,,,,,,,499,506,508,,,,,,,,,,,,,,,,No,
513,130,127,128,128,512,130,124,130,128,505,129,123,128,125,80.75,78,81,78,76,,,,,,69,63,68,,,,,,,,,507,,502,504,,,,,,,,,,,,,,,,,,,,,,,,,,,,,,,,,,,Yes,4
527,132,132,131,132,522,130,131,130,131,521,130,130,130,131,,,,,,110,29,29,25,27,78,76,78,,,,,,,,,514,,,,,,,,,,,,,,,,,,,,511,516,515,519,506,515,514,486,,,,,,,,,,,No,
512,127,128,128,129,510,127,128,128,128,512,128,128,128,128,78,76,87,75,76,96,22,22,25,27,78,71,64,,,,,,,,,,,,,,,,,,,,,,,,,,,,,,,,,,,,,,,,,,,,,,,No,
514,127,128,128,131,507,126,126,127,128,,,,,,,,,,,,,,,,,,,,,,,,,,,510,511,504,507,508,504,509,507,508,505,,,,,,,,,,,504,507,508,,,,,,,,,,,,,,,,Yes,2
512,129,126,129,128,511,130,126,130,125,,,,,,,,,,,,,,,,,,,,,,,,,,,,,,,,,,,,,,,,,,,,,,,507,512,511,,,,,,,,,,,,,,,,No,
519,131,128,132,128,515,130,129,128,128,517,131,130,128,128,,,,,,,,,,,,,,498,,503,,,,,,513,,,,,,,,,,,,,,,,,,,,503,507,513,,,,,,,,,,,,,,75,74,No,
519,130,128,131,130,519,130,130,131,128,516,131,127,130,128,84,81,85,93,76,102,25,26,23,28,86,93,76,500,,,,,,,,510,509,512,508,,,,,,,,,,,,,,,,,505,,,,,,,,,,,,,,,,,,No,
521,131,129,130,131,519,130,130,129,130,518,130,128,130,130,83,75,89,85,81,,,,,,,,,,,,,,,,,517,516,511,512,,514,,,,,,,,,,,,,,,,,,,,,,,,,,,,,,,,,No,
517,129,127,131,130,516,130,127,130,129,511,129,127,130,126,82.5,80,85,80,85,,,,,,,,,500,502,502,500,,,,,511,512,,,508,512,,,,,,,,,,,,,,,,,,,,,,,,,,,,,,,,,No,
503,127,123,127,126,501,125,124,127,125,504,128,125,125,126,68,64,77,58,68,,,,,,71,61,65,498,495,495,,,,,,505,,,,,,,,,,,,,,,,,,,,,,,,,,,,,,,,,,,,54.5,,No,
505,124,127,125,129,501,125,124,127,125,501,125,124,127,125,74.5,56,87,75,80,,,,,,,,,,,,,,,,,,,,,,,,,,,492,497,497,498,,,,,,,,,,,,,,,,,,,,,,,,,No,
519,131,127,131,130,521,130,132,130,129,515,128,132,129,126,,,,,,,,,,,,,,506,504,508,511,511,510,510,,,,,,,,,,,,,,,,,,,,,,,,,,,,,,,,,,,,,,,,No,
517,127,130,130,130,512,128,128,129,127,515,130,128,129,128,79.75,61,91,81,86,,,,,,,,,,,,,,,,,,,,,,,,,,,,,,,,,,,,,,,,,,,,,,,,,,,,,,,No,
520,131,128,132,129,517,130,129,130,128,516,130,128,130,128,89,81,91,93,90,104,27,26,25,26,72,72,63,502,503,502,,,,,,,,,,,,,,,,,,,,,,,,,,,,,,,,,,,,,,,,,,,,Yes,
513,128,127,129,129,,,,,,,,,,,,,,,,,,,,,,,,,,,,,,,,,,,,,,,,,,,,,,,,,,,,,,,,,,,,,,,,,,,,,,No,
506,125,127,126,128,506,126,127,126,127,504,126,126,127,125,,,,,,,,,,,,,,,,,,,,,,,502,503,503,,,,,,,,,,,,,,,,,500,,,,,,,,,,,,,,,,,,No,
519,130,129,130,130,522,131,129,131,131,519,131,128,130,130,93,95,90,92,93,,,,,,80,82,78,,,,,,,,,513,,,,,,,,,,,,,,,,,,,,516,516,515,516,516,,,,,,,,,,,,,,No,
508,126,126,128,128,506,,,,,507,,,,,,,,,,,,,,,,,,,,,,,,,,,,,,,,,,,,,,,,,,,,,,,,,,,,,,,,,,,,,,,,No,
517,132,127,131,127,519,131,129,131,128,515,131,129,130,125,83,86,85,83,78,,,,,,,,,505,506,,,,,,,,,,,,,,,,,,,,,,,,,,,,,,,,,,,,,,,,,,,,,No,
512,131,126,125,130,507,129,125,128,125,507,128,125,127,127,78,76,83,78,75,,,,,,86,76,82,,,,,,,,,506,503,506,505,,,,,,,,,,,,,,,,,,,,,,,,,,,,,,,,,,,No,
519,130,132,127,130,518,129,129,129,131,518,129,131,128,130,80,73,92,75,81,,,,,,,,68,503,501,507,508,507,,,,511,513,511,,,,,,,,,,,,,,,,,,,,,,,,,,,,,,,,,,,,No,
524,132,130,132,130,521,130,129,131,131,519,131,127,131,129,87.4,86,89,90,85,103,26,23,26,28,84,80,72,,,,,,,,,511,511,507,512,,,,,,,,,,,,,,,,,,,,,,,,,,,,,,,78,83,77,,Yes,2
513,129,129,128,127,510,127,129,127,127,506,126,126,128,126,84,69,94,88,85,96,20,26,26,24,68,76,74,500,502,502,,,,,,,,,,,,,,,,,,,,,,,,,,,,,,,,,,,,,,,,,,,,No,
506,127,126,126,127,498,124,124,125,125,498,124,125,125,124,66,49,79,56,81,81,14,27,18,22,57,59,67,,,,,,,,,,,,,,,,,,,,,,,,,,,,,493,502,502,501,499,497,502,498,500,497,498,,,,,,,,No,
517,131,129,128,129,517,130,130,129,128,516,128,131,128,129,,,,,,,,,,,,,,,,,,,,,,513,515,,,,,,,,,,,,,,,,,,,,516,,,,,,,,,,,,,,,,,No,
518,131,129,130,128,516,128,129,132,127,513,128,129,128,128,79.5,68,89,78,83,96,19,29,20,28,,,,506,504,,,,,,,510,508,510,512,,,,,,,,,,,,,,,,,,,,,,,,,,,,,,,,,,,No,
501,125,123,125,128,503,,,,,508,,,,,73,,,,,,,,,,,,,,,,,,,,,505,503,501,507,505,503,,,,,,,,,,,,,,,,,,,,,,,,,,,,,,,,,No,
508,126,127,127,128,509,127,128,129,125,509,127,127,130,125,,,,,,,,,,,,,,,,,,,,,,508,506,507,504,,,,,,,,,,,,,,,,,,,,,,,,,,,,,,,,,,,Yes,2
507,129,124,127,127,508,128,126,128,126,503,126,125,128,124,,,,,,,,,,,,,,,,,,,,,,,,,,,,,,,,,,,,,,,,,,,,,,,,,,,,,,,,,,,,No,
516,128,129,129,130,,,,,,,,,,,,,,,,101,26,28,25,22,,60,76,,,,,,,,,,,,,,,,,,,,,,,,,,,,,,,,,,,,,,,,,,,,,,,No,
514,129,128,129,128,,,,,,505,127,123,129,126,,,,,,,,,,,,,,,,,,,,,,505,502,509,505,,,,,,,,,,,,,,,,,,,,,,,,,,,,,,,,,,,No,
520,132,132,129,127,515,130,128,130,127,510,129,124,130,127,,,,,,,,,,,,,,,,,,,,,,,,,,,,,,,,,,,,,,,,,,501,507,,507,508,,,,,,,,,,,,,,No,
524,131,132,129,132,,,,,,,,,,,,,,,,,,,,,,,,,,,,,,,,,,,,,,,,,,,,,,,,,,,,517,520,523,,,,,,,,,,,,,,,,No,
519,131,130,128,130,513,130,128,129,126,513,131,127,129,126,,,,,,,,,,,,,,501,,,,,,,,,,,,,,,,,,511,,,,,,,,,,501,,,,,,,,,,,,,,,,,,No,
504,125,126,126,127,500,124,127,124,125,500,126,126,123,125,75.2,61,94,76,71,88,22,23,19,24,,,,,,,,,,,,,,,,,,,,,,,,,,,,,,,,492,505,501,504,502,500,,,,,,,,,,,,,No,
513,129,126,132,126,509,128,126,130,125,510,127,128,130,125,,,,,,,,,,,,,,,,,,,,,,,,,,,,,,,,,,,,,,,,,,,,,,,,,,,,,,,,,,,,Yes,2
519,131,127,132,129,512,127,128,131,125,517,130,129,131,127,85,73,87,88,90,,,,,,,,,502,501,501,504,501,500,,,,,,,,,,,,,,,,,,,,,,,,,,,,,,,,,,,,,,,,,No,
518,130,129,129,130,512,130,126,130,126,512,129,128,128,127,87,90,87,83,81,99,25,29,20,25,,,,,,,,,,,,,,,,,,,,,,,,,,,,,,,,499,501,508,507,513,507,510,,,,,,,,,,,,No,
517,131,125,130,131,515,131,124,132,128,515,131,126,131,127,84,86,92,75,81,103,,,,,85,85,84,,,,,,,,,511,510,510,507,511,,512,509,507,511,,,,,,,,,,,,,,,,,,,,,,,,,75,75,75,80,No,
516,127,132,127,130,509,126,131,127,125,510,127,129,127,127,76,69,91,64,80,,,,,,,,,501,,,,,,,,510,,,,,,,,,,,,,,,,,,,,,,,,,,,,,,,,,,,,,,No,
519,128,130,130,131,515,129,129,129,128,513,129,127,130,127,,,,,,,,,,,,50,66,,,,,,,,,,,,,,,,,,,,,,,,,,,,,506,508,511,508,509,,,,,,,,,,,,,,Yes,1
524,130,132,130,132,520,,,,,514,,,,,,,,,,,,,,,,,,,,,,,,,,,,,,,,,,,,,,,,,,,,,,509,510,511,,,,,508,,,,,,,,,,,No,
514,130,128,128,128,506,128,124,128,126,507,129,125,128,125,,,,,,,,,,,,,,,,,,,,,,,,,,,,,,,,,,,,,,,,,,503,,504,,,,,505,505,,,,,,,,,,No,
512,128,126,128,130,508,126,129,127,126,509,127,129,127,126,75,66,79,73,81,96,22,27,23,24,,,,,,,,,,,,503,506,504,505,,,,,,,,,,,,,,,,,,,,,,,,,,,,,,,,,,,No,
514,129,126,129,131,513,130,126,130,127,514,130,127,130,127,87,95,87,85,81,104,26,28,23,27,78,83,75,,501,,,,,,,,,,509,,,,,,,,505,505,507,,,,,,,500,505,505,,,,,,,,,,,,,,,,Yes,3
511,126,130,125,130,510,125,129,127,129,506,126,127,126,127,,69,91,63,88,,18,26,17,24,,,,,,,,,,,,508,504,505,505,506,,,,,,,,,,,,,,,,,,,,,,,,,,,,,,,,,,No,
518,128,130,130,130,518,131,130,130,127,514,129,128,130,127,86,81,94,85,83,,,,,,,,,,,,,,,,,507,509,511,509,,,,,,,,,,,,,,,,,,,,,,,,,,,,,,,,,,,No,
519,130,129,129,131,513,127,128,130,128,511,127,128,130,126,85,86,83,85,86,91,20,27,21,23,65,69,62,,,,,,,,,,,,,,,,,,,,,,,,,,,,,,,,,,,,,,,,,,,67,70,,,No,
500,127,122,124,127,501,126,123,126,126,,,,,,,,,,,,,,,,,,,,,,,,,,,,,,,,,,,,,,,,,,,,,,,,,,,,,,,,,,,,,,,,,Yes,2
515,129,130,126,130,,,,,,514,129,130,128,127,,,,,,,,,,,,,,,,,,,,,,,,,,,,,,,,,,,,,,,,,,507,,,,,,,,,,,,,,,,,,No,
514,130,126,129,129,509,130,124,127,128,510,130,123,130,127,,,,,,,,,,,,,,,,,,,,,,,,,,,,,,,,,,,,,,,,,,504,505,504,507,,,,,,,,,,,,,,,No,
515,129,127,129,130,509,128,128,127,126,510,130,127,127,126,,,,,,,,,,,,,,498,499,499,,,,,,,,,,,,,,,,,,,,,,,,,,503,,,,,,,,,,,,,,,,,,No,
509,127,127,127,128,511,127,131,127,126,507,127,125,127,128,,,,,,,,,,,,,,,,,,,,,,,,,,,,,,,,,,,,,,,,,,497,503,510,504,,,,,,,,,,,,,,,No,
521,132,127,131,131,515,129,129,131,126,518,131,129,131,127,87,81,96,88,83,92,22,21,25,24,70,75,67,,,,,,,,,,,,,,,,,,,,,,,,,,,,,498,,,,,,,,,,,,,,,,,,No,
517,127,129,130,131,512,129,127,127,129,508,,,,,89,69,90,87,95,,,,,,,,,501,504,,,,,,,,,,,,,,,,,,,,,,,,,,,501,505,500,504,507,509,507,507,507,507,,,,,,,,,No,
513,127,127,130,129,515,130,129,129,127,510,126,130,129,125,77,68,81,76,83,,,,,,,,,504,,,,,,,,507,511,512,,,,,,,,,,,,,,,,,,,,,,,,,,,,,,,,,,,,No,
528,132,132,132,132,525,131,132,132,130,524,132,131,132,129,95,93,96,97,92,104,27,27,25,25,90,92,86,,,,,,,,,515,513,514,512,511,,,,,,508,514,511,515,511,,,,,,514,513,513,,,,,,,,,,,,,,,,Yes,2
518,130,130,130,128,517,131,128,130,128,514,129,127,129,129,,,,,,,,,,,,,,,,,,,,,,,,,,,,,,,,,,,,,,,,,,,,,,,,,,,,,,,,,,,,Yes,2
514,127,128,128,131,514,126,132,129,127,516,127,129,130,130,75,49,91,78,85,,,,,,56,47,,,,,,,,,,503,507,505,506,509,508,,,,,,,,,,,,,,,496,,,,,,,,,,,,,,67,,,,No,
513,126,130,127,130,514,127,130,130,127,512,129,127,129,127,,,,,,,,,,,,,,,,,,,,,,511,,,,,,,,,,,,,,,,,,,,504,508,,,,,,,,,,,,,,,,,No,
509,127,125,130,127,508,128,124,130,126,511,130,125,130,126,,,,,,,,,,,81,84,78,,,,,,,,,505,508,505,508,,,,,,,,,,,,,,,,,,,,,,,,,,,,,,,,,,,No,
512,129,125,130,128,512,128,128,129,127,509,128,124,129,128,82,76,81,90,80,83,16,23,23,21,67,70,71,,,,,,,,,513,,,,,,,,,,,,,,,,,,,,503,509,508,,,,,,,,,,,,,,,,No,
517,130,128,129,130,,,,,,514,,,,,,,,,,,,,,,,,,,,,,,,,,,,,,,,,,,,,,,,,,,,,,505,507,,,,,,,,,,,,,,,,,No,
517,130,130,129,128,519,129,130,130,130,508,127,127,128,126,82,75,91,83,81,,,,,,,,,,,,,,,,,510,,507,,,,,,,,,,,,,,,,,,501,510,509,,,,,,,,,,,,,,,,No,
518,130,131,127,130,514,128,130,129,127,508,127,129,127,125,82.5,83,94,75,78,91,23,21,23,24,,78,,500,500,503,503,505,506,506,,508,510,,,,,,,,,,,,,,,,,,,504,,,,,,,,,,,,,,,,,,No,
518,129,129,130,130,517,129,129,130,129,516,130,128,130,128,81.5,69,89,85,83,95,24,27,23,21,,65,68,,,,,,,,,,,,,,,,,,,,,,,,,,,,,,,,,,,,,,,,,,,68,,,,No,
518,131,127,132,128,517,130,128,131,128,514,129,129,129,127,87.8,85,85,92,90,105,28,25,26,26,86,81,78,,,,,,,,,,,,,,,,,,,,,,,,,,,,,509,511,511,512,513,511,511,511,,513,,,,,,,,,Yes,3
514,128,127,130,129,510,129,128,126,127,507,129,126,126,126,80,80,87,73,81,91,23,27,20,21,62,64,62,,,,,,,,,,,,,,,,,,,,,,,,,,,,,501,507,,,,,,,,,,,,,,,,,No,
505,127,125,125,128,507,126,123,129,129,507,128,126,127,126,,61,75,73,80,81,17,21,21,22,,,,,,,,,,,,,,,,,,,,,,,,,,,,,,,,,,,,,,,,,,,,,,,,,,Yes,2
515,128,127,131,129,511,127,129,128,127,506,126,127,127,126,,,,,,,,,,,,,,,,,,,,,,,,,,,,,,,,,,,,,,,,,,,,,,,,,,,,,,,,,,,,No,
512,127,128,127,130,515,128,128,131,128,510,128,125,130,127,,63,92,80,92,,,,,,,,,,,,,,,,,,,,,,,,,,,,,,,,,,,,,502,508,507,512,,,,,,,,,,,,,,,No,
509,127,124,128,130,512,130,126,129,127,508,130,122,127,129,,81,85,83,90,,,,,,,,,,,,,,,,,512,510,507,503,505,505,,,,,,,,,,,,,,,,,,,,,,,,,,,,,68,72,67,77,Yes,3
510,126,127,128,129,508,127,128,126,127,509,126,129,127,127,71,47,85,71,81,,,,,,,,,,,,,,,,,,,,,,,,,,,,,,,,,,,,,,,,,,,,,,,,,,,,63,60,,No,
517,130,128,129,130,,,,,,,,,,,,,,,,,,,,,,,,,,,,,496,501,499,,,,,,,,,,,,,,,,,,,,,,,,,,,,,,,,,,,,,,,No,
511,127,130,126,128,509,127,132,126,126,503,128,127,124,124,,,,,,,,,,,,,,,,,,,,,,,,,,,,,,,,,,,,,,,,,,,,,,,,,,,,,,,,,,,,No,
504,125,128,123,128,,,,,,504,125,130,124,124,,,,,,,,,,,,,,,,,,,,,,,,,,,,,,,,,,,,,,,,,,,,,,,,,,,,,,,,,,,,No,
518,129,129,129,131,511,128,129,127,127,509,127,128,127,127,87,85,83,90,88,,,,,,,,,,,,,,,,,,,,,,,,,,,,,,,,,,,,,498,501,503,505,504,507,507,,,,,,,,,,,,No,
526,130,132,132,132,519,129,132,129,129,517,129,130,130,128,,76,92,83,85,,,,,,,,,,,,,,,,,,,,,,,,,,,,,,,,,,,,,,,,,,,,,,,,,,,,,,,No,
496,121,127,123,125,,,,,,,,,,,,,,,,,,,,,,,,,,,,,,,,,,,,,,,,,,,,,,,,,,,,,,,,,,,,,,,,,,,,,,No,
520,129,132,130,129,,,,,,,,,,,,,,,,,,,,,,,,505,505,,,,,,,,,,,,,,,,,,,,,,,,,,,,,,,,,,,,,,,,,,,,,No,
514,130,126,130,128,513,130,125,131,128,510,130,123,129,128,,,,,,100,27,25,21,27,,,,,,,,,,,,,510,507,509,,,,,,,,,,,,,,,,,,,,,,,,,,,,,,,,,,,Yes,2
520,131,127,131,131,521,132,129,131,129,517,131,127,131,127,89,95,89,85,88,95,26,23,23,23,76,82,72,498,499,504,,,,,,508,512,512,512,,,,,,,,,,,,,,,,,,,,,,,,,,,,,,,72,79,76,75,No,
513,125,129,130,129,513,128,129,130,126,516,129,127,131,129,,78,87,80,78,,,,,,,,,,,,,,,,,511,,,,,,,,,,,,,,,,,,,,,,,,,,,,,,,,,,,,,,No,
512,128,126,130,128,507,128,124,129,126,510,129,126,130,125,81,73,85,83,83,102,26,26,26,24,72,77,76,501,501,501,503,506,499,503,501,,,,,,,,,,,,,,,,,,,,,,,,,,,,,,,,,,,,,,,No,
514,128,127,130,129,508,129,124,128,126,506,127,126,128,125,,,,,,,,,,,78,84,68,,,,,,,,,510,508,506,,,,,,,,,,,,,,,,,,495,,,,,,,,,,,,,,,,,,No,
520,131,130,129,130,,,,,,513,128,128,128,129,,,,,,,,,,,,,,,,,,,,,,,,,,,,,,,,,,,,,,,,,,,,,,,,,,,,,,,,,,,,No,
519,130,130,131,128,516,129,130,130,127,516,130,128,130,128,87.75,88,85,90,88,,,,,,,,,506,,,,,,,,,,,,,,,,,,,,,,,,,,,,502,,,,,,,,,,,,,,,,,,No,
521,130,129,132,130,518,129,131,130,128,,,,,,,,,,,,,,,,,,,,,,,,,,,512,514,512,,,,,,,,,,,,,,,,,,,509,,,,,,,,,,,,,,,,,Yes,2
513,127,130,129,127,513,128,132,127,126,513,128,128,129,128,,,,,,,,,,,,,,,,,,,,,,510,508,506,508,,,,,,,,,,,,,,,,,,,,,,,,,,,,,,,,,,,No,
512,129,128,128,127,508,126,128,127,127,506,128,124,128,126,,,,,,,,,,,,,,,,,,,,,,,,,,,,,,,,,,,,,,,,,,497,505,,,,,,,,,,,,,,,,,No,
512,128,126,128,130,508,129,126,127,126,509,128,126,128,127,84,75,85,86,88,,,,,,,,,,,,,,,,,,,,,,,,,,,499,508,509,,,,,,,,,,,,,,,,,,,,,,,,,,No,
521,132,130,130,129,517,130,129,129,129,515,131,128,128,128,90,94.9,92.5,83.1,89.8,102,27,27,24,24,81,77,80,506,504,,,,,,,506,,,,,,,,,,,,,,,,,,,,510,511,,,,,,,,,,,,,,,,,No,
519,131,127,130,131,512,128,128,130,126,515,130,128,129,128,76,63,81,73,86,98,27,23,25,23,59,66,72,506,,,,,,,,511,508,507,507,512,508,512,,,,505,,,,,,,,,,,,,,,,,,,,,,,,,,73,,No,
522,129,132,130,131,522,130,131,131,130,524,131,132,132,129,92,95,96,88,90,,,,,,77,87,73,,,,,,,,,518,513,513,515,515,514,513,514,513,516,,,,,,,,,,,,,,,,,,,,,,,,,79,86,80,,No,
515,130,126,128,131,514,130,127,129,128,512,128,127,129,128,81,72.9,81.1,83.1,88.1,88,22,24,20,22,68,75,70,503,501,499,504,505,,,,,,,,,,,,,,,,,,,,,,,,,,,,,,,,,,,,,,,,,,No,
,,,,,,,,,,,,,,,,,,,,,,,,,,,,,,,,,,,,,,,,,,,,,,,,,,,,,,,,,,,,,,,,,,,,,,,,,,,
526,132,131,132,131,520,129,132,130,129,518,130,131,130,127,88,86,89,90,86,,,,,,73,75,,,,,,,,,,,,,,,,,,,,,,,,,,,,,,,,,,,,,,,,,,,,,,,,Yes,2
522,132,129,130,131,515,129,130,129,127,517,130,127,131,129,92,88,96,93,90,,,,,,78,85,75,,,,,,,,,511,509,511,510,511,,,,,,,,,,,,,,,,,,,,,,,,,,,,,,,,,,No,
520,130,130,129,131,513,130,129,127,127,515,131,126,129,129,,,,,,,,,,,,,,505,508,509,,,,,,512,,,,,,,,,,,,,,,,,,,,505,506,505,509,509,509,508,509,507,509,509,,,,,,,,No,
524,131,131,132,130,521,131,131,131,128,517,131,129,130,127,,,,,,,,,,,,,,,,,,,,,,,,,,,,,,,,,,,,,,,,,,506,511,514,,,,,,,,,,,,,,,,No,
492,124,121,124,123,,,,,,,,,,,,,,,,,,,,,,,,,,,,,,,,,,,,,,,,,,,,,,,,,,,,485,489,491,492,498,497,492,,,,,,,,,,,,No,
499,124,124,123,128,,,,,,,,,,,,,,,,,,,,,,,,,,,,,,,,,,,,,,,,,,,,,,,,,,,,,,,,,,,,,,,,,,,,,,No,
522,129,130,131,132,520,130,131,130,129,516,130,127,131,128,92.75,97,91,93,90,96,24,24,22,26,75,81,69,503,505,505,505,510,,,,,,,,,,,,,,,,,,,,,,,,,,,,,,,,,,,,,,,,,,No,
500,125,127,123,125,504,126,128,126,124,498,125,125,123,125,68,64,87,59,63,73,14,20,21,18,,,,,,,,,,,,,,,,,,,,,,,,,,,,,,,,,496,,498,497,492,,,492,,,,,,,,,,No,
517,131,130,128,128,516,129,132,128,127,515,130,128,129,128,,,,,,101,25,28,26,22,,,,,,,,,,,,,,,,,,,,,,,,,,,,,,,,508,509,510,,,,,,,,,,,,,,,,No,
519,129,130,129,131,,,,,,,,,,,,,,,,,,,,,,,,,,,,,,,,,,,,,,,,,,,,,,,,,,,,502,502,509,,,,,,,,,,,,,,,,No,
511,127,127,128,129,,,,,,509,126,126,128,127,,,,,,,,,,,,,,,,,,,,,,,,,,,,,,,,,,,,,,,,,,503,,,,,,,,,,,,,,,,,,No,
508,128,127,125,128,507,,,,,501,127,123,126,125,,,,,,,,,,,,,,493,498,,,,,,,,,,,,,,,,,,,,,,,,,,,496,498,497,505,499,,,,,,,,,,,,,,No,
516,130,127,129,130,516,131,128,129,128,516,131,129,129,127,83,85,83,85,81,,,,,,77,73,,,,,,,,,,,,,,,,,,,,505,507,511,508,510,512,513,505,508,508,,,,,,,,,,,,,,,,,,,No,
508,127,126,128,127,509,129,126,129,125,507,130,124,127,126,80,83,79,76,81,89,22,22,20,25,73,66,62,,,,,,,,,504,508,506,503,507,507,,,,,,,,,,,,,,,,,,,,,,,,,,,,,,,,,Yes,2
498,124,122,124,128,505,126,123,127,129,508,127,124,129,128,,,,,,,,,,,,,,,,,,,,,,,,,,,,,,,,,,,,,,,,,,489,492,498,502,506,510,,,,,,,,,,,,,No,
520,130,132,128,130,,,,,,,,,,,,,,,,,,,,,,,,504,504,503,504,507,,,,,,,,,,,,,,,,,,,,,,,,,,,,,,,,,,,,,,,,,,No,
515,130,127,130,128,518,129,130,130,129,515,128,128,129,130,82,71,84,80,92,95,26,27,18,27,74,78,68,502,503,505,,,,,,507,508,509,,,,,,,,,,,,,,,,,,,,,,,,,,,,,,,,,,68,,Yes,1
521,131,129,129,132,515,130,128,130,127,515,131,128,128,128,87.8,88,81,88,93,98,24,24,25,25,82,80,71,499,504,501,503,507,507,507,504,,,,,,,,,,,,,,,,,,,,,,,,,,,,,,,,,,,,,,,No,
510,128,128,129,127,510,128,126,128,128,505,126,126,126,127,,,,,,75,16,22,19,18,58,50,68,,,,,,,,,502,506,506,501,508,504,,,,,,,,,,,,,,,,,,,,,,,,,,,,,,,,,No,
516,130,127,130,129,509,129,126,128,126,511,130,127,128,126,84,84,88,84,80,,,,,,,,,,,,,,,,,,,,,,,,,,,,,,,,,,,,,,,,,,,,,,,,,,,,,,,No,
515,127,128,129,131,511,126,129,128,128,516,129,130,129,128,,76,87,73,90,,21,28,20,19,,,,,,,,,,,,,,,,,,,,,,,,,,,,,,,,,,,,,,,,,,,,,,,,,,No,
510,127,126,127,130,472,118,118,118,118,509,127,125,130,127,79.25,80,81,73,83,94,20,25,24,25,,,,504,503,505,,,,,,506,505,506,506,,,,,,,,,,,,,,,,,,,,,,,,,,,,,,,,,,68,No,
518,132,125,132,129,517,132,125,132,128,515,131,127,130,127,89.5,93,85,95,85,108,26,28,27,27,83,77,68,,,,,,,,,511,511,511,,,,,,,,,,,,,,,,,,512,512,512,512,512,,,,,,,,,,,,,,No,
522,130,130,130,132,517,127,132,128,130,513,128,129,129,127,78,69,92,73,78,91,19,25,21,26,,,,502,507,,,,,,,,,,,,,,,,,,,,,,,,,,,504,511,512,,,,,,,,,,,,,,,,No,
502,126,124,127,125,,,,,,498,124,123,127,124,,,,,,,,,,,75,,,,,,,,,,,501,,,,,,,,,,,,,,,,,,,,,,,,,,,,,,,,,,,,,,Yes,2
517,130,128,130,129,509,128,125,128,128,515,128,127,130,130,86,86,89,81,88,,,,,,,,,,,,,,,,,,,,,,,,,,,,,,,,,,,,,503,508,505,511,507,505,506,508,509,,,,,,,,,,No,
510,128,126,128,128,,,,,,,,,,,,,,,,,,,,,,,,,,,,,,,,503,,,,,,,,,,,,,,,,,,,,498,503,506,,,,,,,,,,,,80,,,,No,
528,132,132,132,132,524,132,132,132,128,522,132,132,131,127,87,90,85,88,85,,,,,,,,75,,,,,,,,,,,,,,,,,,,,,,,,,,,,,,,,,,,,,,,,,,,,,,,No,
526,131,131,132,132,522,130,131,130,131,519,129,131,129,130,,,,,,,,,,,,,,,,,,,,,,,,,,,,,,,,,,,,,,,,,,513,514,516,516,518,515,517,,,,,,,,,,,,No,
521,131,128,130,132,520,131,130,130,129,516,130,128,131,127,,83,85,75,81,,,,,,68,79,65,,,,,,,,,512,513,510,509,,,,,,,,,,,,,,,,,,,,,,,,,,,,,,,,,,,No,
517,130,129,130,128,517,128,131,129,129,509,126,127,129,127,80,75,91,80,78,,,,,,,,,,,,,,,,,507,508,510,,,,,,,,,,,,,,,,,,,509,,,,,,,,,,,,,,,,,No,
505,126,125,126,128,514,127,130,128,129,507,129,124,128,129,79,76,89,80,71,92,22,23,22,25,61,65,58,,,,,,,,,503,506,505,,508,505,,,,,,,,,,,,,,,499,506,505,,,,,,,,,,,,,,,,No,
514,128,130,130,126,514,129,126,130,129,516,130,128,129,129,85.75,80,87,88,88,,24,19,26,25,76,82,71,503,504,,,,,,,511,,,,,,,,,,,,,,,,,,,,,,,,,,,,,,,,,,,,,,No,
519,128,128,131,132,515,128,130,130,127,515,130,129,129,127,,,,,,,,,,,,,,,,,,,,,,,,,,,,,,,,,,,,,,,,,,507,,,,,,,,,,,,,,,,,,Yes,2
510,127,127,128,128,509,127,128,127,127,508,128,127,127,126,72.5,64,83,68,75,,,,,,60,,64,,,,,,,,,,,,,,,,,,,,,,,,,,,,,,,,,,,,,,,,,,,,,,,No,
512,128,128,126,130,,,,,,,,,,,,,,,,,,,,,,,,,,,,,,,,,,,,,,,,,,,,,,,,,,,,501,508,507,,,,,,,,,,,,,,,,No,
520,130,127,132,131,515,130,127,130,128,513,131,127,129,126,,69,79,87,71,,,,,,,,,,,,,,,,,511,,,,,,,,,,,,,,,,,,,,,512,,,,,,,,,,,,,,,,,Yes,3
514,127,130,127,130,513,,,,,512,,,,,,,,,,,,,,,,,,,,,,,,,,,,,,,,510,,,,,,,,,,,,,,503,509,508,,,,,,,,,,,,,,,,No,
514,127,126,130,131,,,,,,502,125,125,127,125,,63,,,81,84,19,21,23,21,,,,504,,,,,,,,501,506,504,502,507,,,,,,,,,,,,,,,,,,,,,,,,,,,,,,,,,,No,
507,127,125,128,127,511,127,129,129,126,507,130,124,128,127,,,,,,,,,,,,,,,,,,,,,,509,508,507,,,,,,,,,502,506,,,,,,,,,,,,,,,,,,,,,,,,,,No,
518,127,130,130,131,514,,,,,511,,,,,,,,,,,,,,,,,,,,,,,,,,,,,,,,,,,,,,,,,,,,,,,,,,,,,,,,,,,,,,,,No,
518,130,128,131,129,516,129,129,129,129,512,129,128,128,127,79,78,77,76,85,,,,,,78,77,72,,,,,,,,,508,509,507,508,,,,,,,,,,,,,,,,,,,,,,,,,,,,,,,70,76,71,74,No,
517,130,129,128,130,519,131,128,131,129,514,130,128,130,126,,,,,,108,27,26,28,27,82,89,78,,,,,,,,,,,,,,,,,,,,,,,,,,,,,502,509,510,,,,,506,508,508,,,,,,,,,No,
527,131,132,132,132,520,131,130,132,127,515,130,130,129,126,86.75,80,94,85,88,,,,,,,,,,,,,,,,,,,,,,,,,,,,,,,,,,,,,,515,517,,,,,,,,,,,,,,,,No,
513,127,127,130,129,512,127,128,130,127,515,128,130,130,127,86,80,92,83,92,94,19,27,26,22,69,65,76,,,,,,,,,508,507,,,,,,,,,507,,,,,,,,,,506,,,,,,,,,,,,,,67,,69,,No,
515,128,131,126,130,516,129,132,128,127,508,127,129,128,124,82,78,92,76,81,,,,,,,,,,,,,,,,,,,,,,,,,,,,,,,,,,,,,,,,,,,,,,,,,,,,,,,No,
514,129,131,126,128,,,,,,514,129,128,129,128,75.65,72.88,81.13,77.97,75.65,,,,,,,,,,,,,,,,,,,,,,,,,,,,,,,,,,,,,499,,,,,,,,,,,,,,,,,,Yes,2
503,124,124,126,129,501,124,127,124,126,,,,,,,,,,,67,13,23,13,18,45,45,71,,,,,,,,,,503,503,,,,,,,,,,,,,,,,,,,,,,,,,,,,,,,,,,,,Yes,5
516,128,128,130,130,510,127,128,127,128,514,128,127,129,130,,,,,,,,,,,78,69,67,,,,,,,,,,,,,,,,,,,,,,,,,,,,,503,509,507,,,,,,,,,,,,,,,,No,
520,131,127,131,131,513,130,126,130,127,517,130,128,130,129,,,,,,,,,,,,,,,,,,,,,,,,,,,,,,,,,,,,,,,,,,,,,,,,,,,,,,,,,,,,No,
517,132,128,128,129,516,,,,,515,,,,,85,,,,,,,,,,,,,,,,,,,,,,,,,,,,,,,,,,,,,,,,,504,505,510,510,,,,,,,,,,,,,,,No,
520,128,130,131,131,513,130,129,127,127,517,131,127,129,130,,83,85,85,88,,,,,,73,79,76,,,,,,,,,512,,,,,,,,,,,,,,,,,,,,,,,,,,,,,,,,,,64,70,70,,No,
512,130,129,126,127,509,128,126,125,130,506,128,126,126,126,78,75,85,69,83,,,,,,,,,,,,,,,,,504,503,508,502,506,,,,,,,,,,,,,,,,,,,,,,,,,,,,,,,,,,No,
508,128,126,126,128,501,128,123,124,126,503,128,124,126,125,79,86,77,76,78,,,,,,,,,,,,,,,,,,,,,,,,,,,,,,,,,,,,,494,497,500,501,,,,,,,,,,,,,,,No,
512,130,126,128,128,511,130,126,129,126,507,130,124,127,126,82,86,81,80,81,,,,,,67,68,66,,,,,,,,,507,505,,,,,,,,,,,,,,,,,,,502,506,,,,,,,,,,,,,63,,,,No,
521,130,130,130,131,517,130,127,131,129,516,130,127,130,129,,,,,,,,,,,85,90,89,,,,,,,,,,,,,,,,,,,498,512,509,511,511,516,,509,509,509,,,,,,,,,,,,,,,,,,,No,
524,132,130,132,130,519,131,130,130,128,520,130,129,132,129,,,,,,,,,,,,,,,,,,,,,,516,,,,,,,,,,,,,,,,,,,,,,,,,,,,,,,,,,,,,,No,
521,130,130,129,132,517,,,,,519,,,,,,,,,,,,,,,,,,,,,,,,,,,,,,,,,,,,,,,,,,,,,,504,509,510,512,,,,,,,,,,,,,,,No,
512,129,127,126,130,502,124,127,126,125,506,126,126,126,128,,,,,,,,,,,,,,,,,,,,,,508,507,,,,,,,,,,,,,,,,,,,,,,,,,,,,,,,,,,,,,No,
512,128,127,128,129,510,128,127,128,127,503,126,128,125,124,78,81,85,75,71,,,,,,,70,64,498,498,497,504,503,,,,509,,,,,,,,,,,,,,,,,,,,,,,,,,,,,,,,,,,,,,No,
513,127,128,128,130,510,127,128,128,127,508,125,126,128,129,64,46,75,73,64,,,,,,,,,,,,,,,,,508,505,,,,,,,,,,,,,,,,,,,,,,,,,,,,,,,,,,,,,No,
515,128,127,131,129,515,129,130,129,127,510,127,128,128,127,,,,,,94,21,27,23,23,71,67,75,,,,,,,,,507,504,508,508,,,,,,,,,,,,,,,,,,,,,,,,,,,,,,,,,,,No,
519,130,129,131,129,507,,,,,496,,,,,,,,,,,,,,,,,,,,,,,,,,,,,,,,,,,,,,,,,508,,,,510,496,507,512,,,,,,,,,,,,,,,,No,
517,127,129,130,131,513,129,130,127,127,515,131,130,127,127,84,76,92,85,83,98,25,22,23,28,,,,,,,,,,,,,,,,,,,,,,,,,,,,,,,,,,,,,,,,,,,,,,,,,,No,
507,128,127,127,125,508,130,125,128,125,505,127,123,128,127,81,78,81,80,86,,,,,,,,,,,,,,,,,,,,,,,,,,,,,,,,,,,,,501,506,503,505,,,,,,,,,,,,,,,Yes,4
519,128,129,131,131,511,130,124,130,127,503,128,124,125,126,,85,74,78,86,26,8,7,5,6,66,60,75,,,,,,,,,504,508,509,508,,,,,,,,,,,,,,,,,503,507,509,,,,,,,,,,,,66,,,,No,
500,125,125,125,125,506,126,129,125,126,507,126,128,126,127,,,,,,92,19,27,22,24,,,,,,,,,,,,,,,,,,,,,,,,,,,,,,,,,507,504,507,506,503,,506,506,501,504,,,,,,,,No,
506,128,124,126,128,502,124,126,126,126,498,124,124,124,126,,63,83,69,76,,,,,,,,,,,,,,,,,,,,,,,,,,,,,,,,,,,,,,,,,,,,,,,,,,,,,,,Yes,2
512,127,128,130,127,511,128,128,126,129,507,127,129,126,125,73,66,87,61,78,,,,,,,,,,,,,,,,,507,508,507,,,,,,,,,,,,,,,,,,503,505,509,,,,,,,,,,,,,,,,No,
513,127,127,129,129,510,128,128,127,127,509,129,127,127,126,,,,,,,,,,,,,,,,,,,,,,,,,,,,,,,,,,,,,,,,,,,,,,,,,,,,,,,,,,,,No,
521,131,129,130,131,519,,,,,513,,,,,,,,,,,,,,,,,,,,,,,,,,,,,,,,,,,,,,,,,,,,,,507,512,509,512,517,,,,,,,,,,,,,,No,
523,131,130,130,132,517,131,129,128,129,516,129,131,129,127,,73,89,73,71,,,,,,70,69,70,,,,,,,,,,,,,,,,,,,,,,,,,,,,,,,,,,,,,,,,,,,,,,,No,
511,126,126,130,129,506,127,124,129,126,508,128,125,129,126,,,,,,,,,,,,,,,,,,,,,,504,502,505,504,504,,,502,,,,,,,,,,,,,,,,,,,,,,,,,,,,,,,No,
512,128,128,128,128,,,,,,509,129,128,127,125,,,,,,,,,,,,,,,,,,,,,,,,,,,,,,,,,,,,,,,,,,,,,,,,,,,,,,,,,,,,No,
512,128,127,127,130,514,,,,,511,,,,,,,,,,,,,,,53,68,,,,,,,,,,,,,,,,,,,,,,,,,,,,,,498,505,504,508,,,,,,,,,,,,,,,No,
512,125,129,128,130,507,124,129,126,128,506,124,127,128,127,74,58,81,76,81,91,19,27,22,23,70,63,71,496,,,,,,,,,,,,,,,,,,,,,,,,,,,,,,,,,,,,,,,,,,,,,,No,
517,129,129,129,130,513,127,132,127,127,513,127,130,130,126,,,,,,,,,,,,,,,,,,,,,,,,,,,,,,,,,,,,,,,,,,,,,,,,,,,,,,,,,,,,No,
526,132,132,130,132,522,132,130,131,129,519,130,131,131,127,,,,,,,,,,,,,,,,,,,,,,,,,,,,,,,,,,,,,,,,,,,,,,,,,,,,,,,,,,,,No,
516,127,132,129,128,,,,,,,,,,,,,,,,,,,,,,,,,,,,,,,,,,,,,,,,,,,,,,,,,,,,502,510,509,,,,,,,,,,,,,,,,Yes,2
516,130,127,130,129,507,,,,,505,,,,,79.5,,,,,,,,,,,,,,,,,,,,,,,,,,,,,,,,,,,,,,,,,,,,,,,,,,,,,,,,,,,No,
503,128,122,126,127,,,,,,501,127,124,126,124,,,,,,,20,24,23,23,67,54,65,,,,,,,,,509,,,,,,,,,,,,,,,,,,,,494,502,,,,,,,,,,,,,,,,,No,
521,130,129,131,131,518,129,129,130,130,517,131,129,130,127,85.75,90,85,83,85,,,,,,,,,,,,,,,,,,,,,,,,,,,,,,,,,,,,,506,513,511,,,,,,,,,,,,,,,,No,
521,130,129,131,131,520,130,130,130,130,511,128,127,129,127,79,66,91,80,81,,,,,,80,81,77,505,,,,,,,,513,,,,,,,,,,,,,,,,,,,,505,512,,,,,,,,,,,,,,,,,No,
519,130,131,130,128,,,,,,,,,,,,,,,,,,,,,,,,,,,,,,,,,,,,,,,,,,,,,,,,,,,,505,513,,,,,,,,,,,,,,,,,No,
507,126,125,128,128,513,128,127,131,127,509,127,125,130,127,,,,,,,,,,,,,,,,,,,,,,,,,,,,,,,,,,,,,,,,,,501,,,,,,,,,,,,,,,,,,Yes,2
509,127,127,127,128,507,126,128,126,127,499,124,126,125,124,,,,,,,,,,,50,60,70,,,,,,,,,505,505,504,505,,,,,,,,,,,,,,,,,,,,,,,,,,,,,,,,,,,No,
523,132,129,132,130,516,129,131,129,127,515,130,127,129,128,72,78,87,59,64,,,,,,,,,,,,,,,,,,,,,,,,,,,,,,,,,,,,,509,512,,,,,,,,,,,,,,,,,No,
517,130,126,130,131,512,129,126,130,127,,,,,,81.75,76,83,88,80,,,,,,,,,,,,,,,,,510,510,509,507,,,,,,,,,,,,,,,,,,,,,,,,,,,,,,,,,,,Yes,1
516,131,128,129,128,513,130,129,128,126,503,129,124,126,124,,,,,,,,,,,71,73,74,,,,,,,,,,,,,,,,,,,,,,,,,,,,,507,508,,,,,,,,,,,,,,,,,No,
514,128,127,128,131,513,130,126,130,127,511,131,124,128,128,,,,,,,,,,,,,,,,,,,,,,510,509,507,505,,,,,,,,,,,,,,,,,,,,,,,,,,,,,,,,,,,Yes,2
513,127,129,129,128,512,128,128,128,128,508,127,127,127,127,76,71,89,66,78,,,,,,,,,498,,,,,,,,,,,,,,,,,,,,,,,,,,,,501,506,507,,,,,,,,,,,,,,62,63,No,
511,127,129,125,130,503,126,127,125,125,502,126,125,124,127,,,,,,,,,,,,,,,,,,,,,,,,,,,,,,,,,,,,,,,,,,496,501,508,,,,,,,,,,,,,,,,No,
518,127,129,130,132,515,,,,,517,,,,,,,,,,,,,,,,,,,,,,,,,,,,,,,,,,,,,,,,,,,,,,,,,,,,,,,,,,,,,,,,Yes,3
511,129,125,129,128,515,131,128,129,127,,,,,,,,,,,,,,,,,,,,,,,,,,,,,,,,,,,,,,,,,,,,,,,,,,,,,,,,,,,,,,,,,No,
520,130,131,128,131,513,127,132,127,127,517,129,130,129,129,,,,,,,,,,,72,71,76,,,,,,,,,513,,,508,,,,,,,,,,,,,,,,,509,509,508,,,,,,,,,,,,,,,,No,
513,130,123,130,130,510,130,123,131,126,502,129,121,127,125,75,81,68,80,71,,,,,,75,79,56,,,,,,,,,,,,,,,,,,,,,,,,,,,,,,,,,,,,,,,,,,,,,,70,No,
509,127,127,127,127,499,,,,,505,,,,,,,,,,,,,,,,,,,,,,,,,,,,,,,,,,,,,,,,,,,,,,493,496,500,500,502,,,,,,,,,,,,,,No,
520,131,129,132,128,512,,,,,516,,,,,91,,,,,,,,,,,,,,,,,,,,,,,,,,,,,,,,,,,,,,,,,,,,,,,,,,,,,,,,,,,No,
516,128,128,129,131,512,128,129,128,127,507,125,128,125,129,70.25,58,81,69,73,,,,,,56,58,63,496,500,499,497,502,,,,,,,,,,,,,,,,,,,,,,,,,,,,,,,,,,,,,,,,,,No,
509,127,126,126,130,514,128,131,128,127,504,126,128,125,125,,,,,,,,,,,,,,,,,,,,,,,,,,,,,,,,,,,,,,,,,,504,508,509,508,,,,,,,,,,,,,,,No,
508,126,124,130,128,506,127,124,127,128,,,,,,,,,,,,,,,,68,71,72,496,495,,,,,,,506,,,,,,,,,,,,,,,,,,,,,,,,,,,,,,,,,,,,,,No,
525,130,132,131,132,521,130,132,130,129,523,132,130,132,129,91,92,91,89,92,106,25,27,27,27,,,,,,,,,,,,510,514,507,510,,,,,,,,,,,,,,,,,,,,,,,,,,,,,,,,,,,No,
513,128,128,128,129,506,125,128,127,126,509,128,127,127,127,88.75,83,91,95,86,,,,,,,,,,,,,,,,,509,510,509,509,,,,,,,,,,,,,,,,,,,,,,,,,,,,,,,,,,,No,
513,128,127,129,129,509,128,129,127,125,503,130,124,125,124,,69,83,78,78,,,,,,,,,499,,,,,,,,507,,,,,,,,,,,,,,,,,,,,,,498,509,,,,,,,,,,,,,,,No,
519,129,131,129,130,520,130,128,131,131,513,128,128,130,127,86,,,,,,,,,,,,,,,,,,,,,513,,,,,,,,,,,,,,,,,,,,502,506,,,,,,,,,,,,,65,70,72,,No,
514,127,128,129,130,510,127,130,127,126,513,127,130,128,128,,,,,,,,,,,,,,,,,,,,,,512,,,,,,,,,,,,,,,,,,,,499,504,510,507,511,,,,,,,,,,,,,,No,
512,127,126,128,131,516,129,129,130,128,512,127,128,131,126,,68,92,83,68,,,,,,,,,,,,,,,,,,,,,,,,,,,,,,,,,,,,,,,,,,,,,,,,,,,,,,,Yes,3
521,130,130,130,131,518,130,130,130,128,517,130,128,130,129,,75,94,92,81,,,,,,,,,,,,,,,,,512,511,,,,,,,,,,,,,,,,,,,,,,,,,,,,,,,,,,,,,Yes,1
511,128,124,131,128,515,128,129,130,128,517,129,127,131,130,85.75,78,91,86,88,98,24,25,23,26,,,,,,,,,,,,,,,,,,,,,,,,,,,,,,,,504,,,,,,,,,,,,,,,,,,Yes,2
505,126,128,124,127,509,128,126,126,129,,,,,,74,66,83,68,80,,,,,,,,,,,,,,,,,,,,,,,,,,,,,,,,,,,,,496,,,,,,,,,,,,,,,,,,No,
500,125,125,125,125,,,,,,,,,,,,,,,,,,,,,,,,,,,,,,,,,,,,,,,,,,,,,,,,,,,,,,,,,,,,,,,,,,,,,,Yes,1
517,130,128,130,129,519,131,130,129,129,517,130,126,130,131,,,,,,,,,,,,,,,,,,,,,,,,,,,,,,,,,,,,,,,,,,507,504,506,513,513,,,,,,,,,,,,,,No,
495,122,121,127,125,512,130,127,128,127,503,125,125,127,126,78,67,83,80,80,,,,,,,,,,,,,,,,,,,,,,,,,,,,,,,,,,,,,,,,,,,,,,,,,,,,,,,Yes,2
515,128,125,130,132,515,128,130,129,128,513,128,128,131,126,,,,,,,,,,,85,76,74,,,,,,,,,511,514,506,511,513,,510,,,,,,,,,,,,,,,,,,,,,,,,,,,,,,,,No,
517,130,127,130,130,515,130,127,129,129,515,130,125,130,130,,,,,,100,24,27,25,24,79,71,73,,,,,,,,,,,,,,,,,,,,,,,,,,,,,,,,,,,,,,,,,,,,,,,No,
518,128,128,131,131,521,130,130,132,129,519,129,129,130,131,,,,,,,,,,,68,85,73,505,,,,,,,,,,,,,,,,,,,,,,,,,,,,,,,,,,,,,,,,,,,,,,No,
519,130,128,131,130,515,129,129,129,128,517,130,128,132,127,84,81,89,80,86,99,27,24,25,24,66,67,83,503,,,,,,,,506,508,507,509,,,,,,,,,,,,,,,,,,,503,,,,,,,,,,,,,,,,No,
516,130,126,128,132,511,130,125,127,129,512,130,125,130,127,,,,,,,,,,,,,,,,,,,,,,507,511,510,,,,,,,,,,,,,,,,,,,,,,,,,,,,,,,,74,,,,No,
503,127,124,129,123,508,129,123,130,126,503,127,123,127,126,73.8,73,75,71,76,,,,,,64,69,66,501,503,,,,,,,506,504,503,503,,,,,,,,,,,,,,,,,504,,,,,,,,,,,,,,,,,,Yes,2
518,131,128,131,128,509,129,124,130,126,515,130,128,130,127,83,83,80,88,83,,,,,,,77,56,503,503,509,508,,,,,,,,,,,,,,,,,,,,,,,,,,,,,,,,,,,,,,,,,,,Yes,3
516,129,127,129,131,512,129,127,130,126,515,130,128,130,127,,,,,,,,,,,,,,,,,,,,,,507,,,,,,,,,,,,,,,,,,,,,,,,,,,,,,,,,,,,,,No,
523,131,132,130,130,520,130,131,130,129,,,,,,,,,,,99,26,20,27,26,,,,,,,,,,,,,,,,,,,,,,,,,,,,,,,,,,,,,,,,,,,,,,,,,,No,
511,130,129,127,125,509,129,127,127,126,511,128,130,127,126,,,,,,,,,,,,,,,,,,,,,,512,,,,,,,,,,,,,,,,,,,,499,504,503,509,507,,,504,503,507,511,,,,,,,,No,
520,130,129,130,131,514,127,130,128,129,516,127,131,129,129,,68,87,71,80,,,,,,,,,503,,,,,,,,,511,,,,,,,,,,,,,,,,,,,,,,,,,,,,,,,,,69,,,,No,
513,129,128,128,128,512,129,125,130,128,510,128,127,129,126,,,,,,,,,,,,,,,,,,,,,,,,,,,,,,,,,,,,,,,,,,,,,,,,,,,,,,,,,,,,No,
522,131,129,130,132,517,130,130,129,128,518,131,128,130,129,90,85,89,93,93,105,26,26,28,25,77,67,74,,,,,,,,,511,512,508,507,513,507,,,,,,,,,,,,,,,,,,,,,,,,,,,,,,,74,80,No,
515,130,129,129,127,,,,,,,,,,,,,,,,,,,,,,,,,,,,,,,,,,,,,,,,,,,,,,,,,,,,,,,,,,,,,,,,,,,,,,No,
517,127,131,132,127,,,,,,,,,,,,,,,,,,,,,,,,,,,,,,,,,,,,,,,,,,,,,,,,,,,,,,,,,,,,,,,,,,,,,,No,
512,127,127,129,129,513,128,129,130,126,511,128,127,130,126,,,,,,,,,,,,,,,,,,,,,,,,,,,,,,,,,,,,,,,,,,,,,,,,,,,,,,,,,,,,Yes,2
515,130,127,131,127,,,,,,,,,,,,,,,,,,,,,,,,,,,,,,,,,,,,,,,,,,,,,,,,,,,,,,,,,,,,,,,,,,,,,,No,
525,132,130,132,131,522,129,132,130,130,517,130,129,130,127,90,88,92,88,92,,,,,,,,,513,,,,,,,,,,,,,,,,,,,,,,,,,,,,,,,,,,,,,,,,,,,,,,No,
512,127,128,130,127,516,,,,,518,,,,,90,,,,,,,,,,,,,,,,,,,,,504,505,505,510,502,506,,,,,504,504,505,504,506,507,,,,,498,505,504,,,,,,,,,,,,,,,,Yes,2
508,130,125,127,126,506,130,123,126,127,503,129,122,127,125,,,,,,,,,,,,,,,,,,,,,,,,,,,,,,,,494,498,501,504,504,505,506,504,509,506,,,,,,,,,,,,,,,,,,,No,
509,127,126,129,127,506,129,124,128,125,505,128,124,129,124,,,,,,85,20,24,17,24,66,63,54,499,500,,,,,,,,,,,,,,,,,,,,,,,,,,,,,,,,,,,,,,,500,495,,,,,Yes,2
513,129,127,128,129,510,129,126,128,127,507,127,124,127,129,64,81,78,76,,,,,,,,,,500,500,500,,,,,,502,,,,,,,,,,,,,,,,,,,,499,501,504,,,,,,,,,,,,,,,,No,
524,130,132,131,131,522,130,132,130,130,521,132,130,130,129,88,78,89,93,93,104,26,28,25,25,83,82,70,,,,,,,,,512,513,515,,511,,,,,,,,,,,,,,,,,,,,,,,,,,,,,,,,,,No,
512,128,126,128,130,514,130,127,130,127,515,129,127,130,129,,,,,,,,,,,,,,,,,,,,,,,,,,,,,,,,,,,,,,,,,,,,,,,,,,,,,,,,,,,,Yes,2
519,129,130,130,130,512,129,129,128,126,515,129,129,127,130,78,78,87,75,73,,,,,,63,66,72,509,,,,,,,,,,,,,,,,,,,,,,,,,,,,507,,,,,,,,,,,,,,,,,,No,
527,131,132,132,132,519,130,131,130,128,521,130,131,132,128,,,,,,,,,,,,,,,,,,,,,,,,,,,,,,,,,,,,,,,,,,510,516,512,,,,,,,,,,,,,,,,No,
527,132,132,131,132,526,132,131,132,131,524,132,132,132,128,93,92,98,90,92,112,28,29,29,26,85,91,79,,,,,,,,,,,,,,,,,,,,,,,,,,,,,519,521,524,,,,,,,,,,,,,,,,No,
511,127,125,129,130,,,,,,504,127,123,127,127,,,,,,,,,,,,,,,,,,,,,,,,,,,,,,,,,,,,,,,,,,493,501,504,506,,,,,,,,,,,,,,,No,
518,130,128,132,128,514,129,127,129,129,516,130,129,130,127,,,,,,,,,,,,,,508,506,508,,,,,,,,,,,,,,,,,,,,,,,,,,,,,,,,,,,,,,,,,,,,No,
517,129,129,130,129,518,129,130,129,130,512,128,129,128,127,,81,,88,,,,,,,75,75,74,506,,,,,,,,512,,,,,,,,,,,,,,,,,,,,507,,,,,,,,,,,,,,,,,,No,
507,126,127,127,127,509,,,,,505,,,,,,,,,,,,,,,,,,,,,,,,,,,,,,,,,,,,,,,,,,,,,,,,,,,,,,,,,,,,,,,,No,
511,127,127,128,129,510,127,129,128,126,505,125,127,127,126,,,,,,,,,,,,,,,,,,,,,,510,,,,,,,,,,514,,,,,,,,,,,,,,,,,,,,,,,,,,,,No,
517,127,129,132,129,514,127,131,130,126,516,128,130,131,127,,,,,,,,,,,,,,,,,,,,,,,,,,,,,,,,,,,,,,,,,,,,,,,,,,,,,,,,,,,,No,
507,125,128,127,127,497,123,125,124,125,501,124,127,124,126,74,68,89,68,71,,,,,,,,,,,,,,,,,,,,,,,,,,,,,,,,,,,,,499,501,501,,,,,,,,,,,,,,,,No,
495,123,126,122,124,,,,,,,,,,,,,,,,,,,,,,,,,,,,,,,,,,,,,,,,,,,,,,,,,,,,,,,,,,,,,,,,,,,,,,No,
515,130,127,129,129,506,127,125,128,126,504,128,122,127,127,86,76,89,59,86,,,,,,56,56,61,,,,,,,,,,,,,,,,,,,,,,,,,,,,,495,501,504,501,499,503,,,,,,,,,,,,,Yes,4
513,129,129,127,128,,,,,,507,126,128,127,126,,,,,,,,,,,59,59,,,,,,,,,,,,,,,,,,,,,,,,,,,,,,,,,,,,,,,,,,,,,,,,No,
517,130,127,131,129,512,130,125,128,129,513,130,127,129,127,,,,,,,,,,,,,,,,,,,,,,,,,,,,,,,,,,,,,,,,,,,,,,,,,,,,,,,,,,,,No,
519,129,132,128,130,513,130,128,127,128,512,128,130,127,127,,,,,,,,,,,,,,,,,,,,,,,,,,,,,,,,,,,,,,,,,,503,,,,,,,,,,,,,,,,,,No,
507,127,125,127,128,508,127,127,127,127,508,128,127,127,126,,63,74,68,85,,23,18,10,24,,,,,,,,,,,,,,,,,,,,,,,,,,,,,,,,495,,,,,,,,,,,,,,,,,,No,
518,131,127,131,129,,,,,,513,130,127,129,127,,,,,,,,,,,,,,503,499,507,510,,,,,510,511,510,,,,,,,,,,,,,,,,,,,,,,,,,,,,,,,,,,,,No,
509,127,127,126,129,506,127,126,126,127,,,,,,77.25,66,92,66,85,78,17,17,19,25,,58,59,,,,,,,,,,,,,,,,,,,,,,,,,,,,,,,,,,,,,,,,,,,,,,,Yes,3
517,131,126,131,129,513,128,128,131,126,515,130,128,131,126,,,,,,,,,,,80,82,68,,,,,,,,,511,,,,,,,,,,,,,,,,,,,,503,508,,,,,,,,,,,,,,,,,No,
512,130,127,128,127,510,130,128,128,124,,,,,,,73,83,59,69,,,,,,,,,,,,,,,,,,,,,,,,,,,503,504,502,506,507,499,,508,,,,,,,,,,,,,,,,,,,,,No,
524,131,132,132,129,520,131,132,129,128,517,130,131,129,127,,,,,,,,,,,,,,,,,,,,,,,,,,,,,,,,,,,,,,,,,,,,,,,,,,,,,,,,,,,,No,
511,128,126,130,127,518,130,132,130,126,515,130,128,131,126,,75,79,80,,,27,26,,,88,86,79,506,504,508,504,,,,,,,,,,,,,,,,,,,,,,,,,,,,,,,,,,,,,,,,,,,Yes,2
504,126,123,129,126,507,128,124,129,126,501,125,123,130,123,,,,,,75,21,15,18,21,54,68,63,,,,,,,,,,,,,,,,,,,,,,,,,,,,,498,,503,502,503,501,,,,,,,,,,,,,No,
514,126,130,130,128,514,128,130,128,128,510,127,128,128,127,,,,,,,,,,,,,,,,,,,,,,510,,,,,,,,,,,,,,,,,,,,506,508,507,,,,,,,,,,,,,,,,Yes,3
513,127,130,128,128,,,,,,514,130,127,129,128,,,,,,,,,,,,,,,,,,,,,,508,508,506,508,506,,,,,,,,,,,,,,,,,,,,,,,,,,,,,,,,,,No,
514,131,127,127,129,509,127,124,130,128,505,127,126,128,124,85.25,76,89,88,88,,,,,,72.5,,,501,,,,,,,,508,508,508,506,,,,,,,,,,,,,,,,,,,,,,,,,,,,,,,,,,,No,
512,129,127,128,128,506,128,124,127,127,508,129,124,127,128,75.2,76,79,73,73,,,,,,,,,501,496,500,497,502,,,,506,505,,503,,,,,,,,,,,,,,,,,,,,,,,,,,,,,,,,,,,No,
511,127,127,128,129,507,128,124,127,128,506,129,124,127,126,,,,,,,,,,,,,,,,,,,,,,,,,,,,,,,,,,,,,,,,,,,,,,,,,,,,,,,,,,,,Yes,3
513,129,128,127,129,,,,,,,,,,,,,,,,,,,,,,,,504,503,501,,,,,,507,,,,,,,,,,508,,,,,,,,,,504,,,,,,,,,,,,,,,,,,No,
518,131,127,129,131,519,130,129,131,129,513,131,125,130,127,92,90,96,92,90,,,,,,70,80,80,,,,,,,,,514,,,,,,,,,,,,,,,,,,,,504,514,,,,,,,,,,,,,,,78,,No,
513,129,127,129,128,517,129,129,131,128,,,,,,74,68,91,71,68,,,,,,58,68,73,,,,,,,,,510,513,509,510,,,,,,,,,,,,,,,,,,,,,,,,,,,,,,,,,,,Yes,2
515,128,126,130,131,512,,,,,515,130,130,129,126,,,,,,,,,,,,,,,,,,,,,,,,,,,,,,,,,,,,,,,,,,496,504,501,503,507,507,508,509,509,507,,,,,,,,,No,
519,128,129,131,131,520,130,131,132,127,518,130,130,130,128,,,,,,,,,,,72,80,67,509,509,507,,,,,,,,,,,,,,,,,,,,,,,,,,,,,,,,,,,,,,,,,,,,No,
518,130,129,129,130,518,131,129,130,128,517,131,128,130,128,86,86,89,85,86,93,23,28,24,18,68,81,62,506,506,507,,,,,,,,,,,,,,,,,,,,,,,,,,,,,,,,,,,,,,,,,,,,Yes,2
514,130,126,127,131,511,127,126,128,130,510,128,124,129,129,,,,,,,,,,,,,,,,,,,,,,508,509,510,506,507,508,507,509,507,508,,,,,,,,,,,501,502,504,508,505,506,505,504,,,,,,,,,,,No,
518,125,130,131,132,,,,,,,,,,,,,,,,,,,,,,,,,,,,,,,,,,,,,,,,,,,,,,,,,,,,508,507,506,,,,,,,,,,,,,,,,No,
514,128,127,130,129,513,130,128,127,128,510,129,126,127,128,,73,89,69,90,,,,,,,,,,,,,,,,,,,,,,,,,,,,,,,,,,,,,,,,,,,,,,,,,,,,,,,No,
502,124,125,125,128,,,,,,,,,,,,,,,,,,,,,,,,,,,,,,,,,,,,,,,,,,,,,,,,,,,,,,,,,,,,,,,,,,,,,,No,
515,131,127,129,128,,,,,,508,129,126,128,125,,,,,,,,,,,,,,,,,,,,,,,,,,,,,,,,,,,,,,,,,,,,,,,,,,,,,,,,58,67,66.5,70,No,
512,130,125,129,128,,,,,,,130,,128,127,,86,87,92,86,,,,,,,,,,,,,,,,,,,,,,,,,,,,,,,,,,,,,,,,,,,,,,,,,,,,,,,Yes,3
508,126,127,127,128,506,127,126,126,127,503,125,127,126,125,,,,,,,,,,,50,40,53,,,,,,,,,504,504,,,,,,,,,,,,,,,,,,,,,,,,,,,,,,,,,,,,,No,
512,127,125,130,130,502,124,128,125,125,508,127,126,128,127,78.25,75,91,64,83,,,,,,,,,494,,,,,,,,502,503,502,504,503,,,,,,,,,,,,,,,,,,,,,,,,,,,,,,,,,,No,
519,129,130,130,130,520,129,132,130,129,,,,,,,,,,,,,,,,,,,,,,,,,,,,,,,,,,,,,,,,,,,,,,,,,,,,,,,,,,,,,,,,,No,
519,129,131,129,130,515,130,128,130,127,514,129,129,130,126,85,90,91,78,80,96,23,23,22,28,,,,,,,,,,,,506,,,,,,,,,,,,,,,,,,,,504,509,510,,,,,,,,,,,,,,,,No,
499,125,125,125,124,,,,,,,,,,,,,,,,,,,,,,,,,,,,,,,,,,,,,,,,,,,,,,,,,,,,,,,,,,,,,,,,,,,,,,Yes,1
503,128,121,127,127,503,128,124,125,126,508,129,124,127,128,,,,,,,,,,,,,,,,,,,,,,,,,,,,,,,,,,,,,,,,,,,,,,,,,,,,,,,,,,,,No,
515,128,128,129,130,,,,,,,,,,,,,,,,,,,,,,,,,,,,,,,,,,,,,,,,,,,,,,,,,,,,,,,,,,,,,,,,,,,,,,Yes,
511,129,126,129,127,,,,,,,,,,,,,,,,,,,,,,,,,,,,,,,,,,,,,,,,,,,,,,,,,,,,502,,,,,,,,,,,,,,,,,,Yes,3
513,130,126,126,131,509,128,127,127,127,510,127,129,128,126,81,78,85,80,80,95,25,24,20,26,,,,,,,,,,,,,,,,,,,,,,,,,,,,,,,,,,,,,,,,,,,,,,,,,,No,
472,118,118,118,118,,,,,,,,,,,,,,,,,,,,,,,,,,,,,,,,,,,,,,,,,,,,,,,,,,,,,,,,,,,,,,,,,,,,,,No,
520,131,129,130,130,520,130,128,131,131,520,130,129,132,129,92,92,87,97,90,109,27,26,27,29,89,85,85,,,,,,,,,512,,512,,,,,,,,,,,,,,,,,,,,,,,,,,,,,,,,,,,,No,
513,129,125,129,130,511,,,,,507,,,,,,,,,,,,,,,,,,,,,,,,,,512,509,,,,,,,,,,,,,,,,,,,,,,,,,,,,,,,,,77,,,,No,
494,126,125,120,123,517,,,,,509,,,,,,,,,,,,,,,,,,,,,,,,,,,,,,,,,,,,,,,,,,,,,,,,,,,,,,,,,,,,,,,,No,
518,129,130,129,130,514,127,132,128,127,516,127,132,128,129,,,,,,,,,,,54,60,69,,,,,,,,,,,,,,,,,,,,,,,,,,,,,,,,,,,,,,,,,,,,,,,No,
512,130,125,130,127,,,,,,,,,,,,,,,,,,,,,,,,,,,,,,,,,,,,,,,,,,,,,,,,,,,,,,,,,,,,,,,,,,,,,,No,
513,127,126,132,128,,,,,,,,,,,,,,,,,,,,,,,,,,,,,,,,,,,,,,,,,,,,,,,,,,,,506,509,,,,,,,,,,,,,,,,,No,
514,130,126,128,130,511,128,127,128,128,509,128,127,127,127,78,71,83,73,83,87,23,26,18,20,66,67,69,,,,,,,,,507,508,,,,,,,,,,,,,,,,,,,,,,,,,,,,,,,,,,,,,No,
516,129,129,131,127,,,,,,516,130,126,131,129,,,,,,,,,,,,,,508,507,,,,,,,,,,,,,,,,,,,,,,,,,,,,,,,,,,,,,,,,,,,,,No,
522,131,128,131,132,521,131,130,130,130,521,130,131,131,129,87.8,81,92,88,90,104,24,26,26,29,86,90,79,,,,,,,,,509,511,512,,512,,512,,,,,,,,,,,,,,,,,,,,,,,,,,,,,,,,No,
511,129,129,125,128,507,126,129,126,126,511,127,131,127,126,,61,83,61,81,80,20,27,14,19,54,49,65,,,,,,,,,,,,,,,,,,,,,,,,,,,,,,,,,,,,,,,,,,,,,,,No,
519,130,127,130,132,515,130,127,130,128,505,127,126,126,126,86,78,92,83,92,99,24,23,26,26,64,70,70,504,502,509,511,,,,,,,,,,,,,,,,,,,,,,,,,,,,,,,,,,,,,,,,,,,No,
509,129,125,127,128,,,,,,,,,,,,,,,,,,,,,,,,,,,,,,,,,,,,,,,,,,,,,,,,,,,,,,,,,,,,,,,,,,,,,,Yes,3
524,132,131,130,131,521,130,130,131,130,523,131,130,132,130,94,90,98,98,90,,,,,,,,,,,,,,,,,,,,,,,,,,,,,,,,,,,,,,,,,,,,,,,,,,,80,,,,No,
517,127,129,130,131,,,,,,510,127,128,128,127,,75,87,81,92,84,23,24,21,16,,,,,,,,,,,,,,,,,,,,,,,,,,,,,,,,504,510,,,,,,,,,,,,,,,,,No,
522,131,130,130,131,519,129,130,131,129,518,132,128,130,128,86,81,91,90,84,,22,26,21,26,82,89,73,,,,,,,,,,,,,,,,,,,,,,,,,,,,,505,509,510,,,,,,,,,,,,,,,,No,
509,128,125,128,128,504,128,124,126,124,499,,,,,,,,,,,,,,,,,,,,,,,,,,,,,,,,,,,,,,,,,,,,,,,,,,,,,,,,,,,,,,,,Yes,2
503,128,125,127,123,499,126,124,123,126,,,,,,73,56,83,75,80,,,,,,,,,,,,,,,,,,,,,,,,,,,499,501,501,504,500,506,502,505,506,,,,,,,,,,,,,,,,,,,,No,
514,128,130,128,128,516,128,132,128,128,511,127,129,128,127,,,,,,,,,,,,,,,,,,,,,,,,,,,,,,,,,,,,,,,,,,,,,,,,,,,,,,,,,,,,No,
515,129,126,128,132,517,130,128,130,129,512,130,126,130,126,83,83,81,90,78,94,26,23,23,22,78,75,65,,,,,,,,,508,510,509,506,,,,,,,,,,,,,,,,,,,,,,,,,,,,,,,,,,,No,
524,131,129,132,132,520,130,130,131,129,524,132,132,130,130,90,86,94,93,88,103,26,28,23,26,69,81,76,,,,,,,,,,,,,,,,,,,,,,,,,,,,,,,,,,,,,,,,,,,,,,,Yes,2
511,130,125,128,128,504,127,124,127,126,499,124,123,127,125,,,,,,,,,,,60,56,55,,,,,,,,,506,506,504,507,,,,,,,,,,,,,,,,,,,,,,,,,,,,,,,,,,,No,
516,130,128,131,127,,,,,,,,,,,87,86,91,93,78,,,,,,75,79,60,,,,,,,,,,,,,,,,,,,,,,,,,,,,,,,,,,,,,,,,,,,,,,,Yes,2
515,127,128,130,130,519,130,132,130,127,513,129,127,129,128,82.75,78,92,71,90,104,28,22,27,27,55,73.33,58.33,,,,,,,,,,,,,,,,,,,,,,,,,,,,,,,,,,,,,,,,,,,,,,,No,
514,128,130,126,130,513,129,127,129,128,504,126,127,126,125,,,,,,,,,,,,,,,,,,,,,,506,506,506,501,508,502,,,,,,,,,,,,,,,500,,,,,,,,,,,,,,,,,,No,
512,124,128,128,132,506,123,127,126,130,505,123,126,126,130,,,,,,,,,,,,,,,,,,,,,,,,,,,,,,,,,,,,,,,,,,,,,,,,,,,,,,,,,,,,No,
520,130,129,130,131,516,128,132,129,127,519,130,131,131,127,80.5,75,91,73,83,,,,,,,,,,,,,,,,,513,,,,,,,,,,,,,,,,,,,,,,,,,,,,,,,,,,,,,,No,
502,123,128,123,128,,,,,,,,,,,,,,,,,,,,,,,,,,,,,,,,,,,,,,,,,,,,,,,,,,,,,,,,,,,,,,,,,,,,,,Yes,2
513,129,125,130,129,511,130,124,129,128,512,131,124,131,126,85,93,75,85,81,,,,,,,,,,,,,,,,,509,,,,,,,,,,,,,,,,,,,,503,509,509,,,,,,,,,,,,,,,,No,
507,126,124,128,129,506,125,125,129,127,503,127,124,127,125,,,,,,,,,,,,,,,,,,,,,,505,505,499,507,,,,,,,,,,,,,,,,,,,,,,,,,,,,,,,,,,,Yes,2
515,128,130,130,127,,,,,,,,,,,,,,,,,,,,,,,,,,,,,,,,,,,,,,,,,,,,,,,,,,,,,,,,,,,,,,,,,,,,,,No,
514,130,128,129,127,514,130,129,128,127,517,131,127,131,128,72,64,83,78,63,101,28,23,22,28,62,76,61,504,,,,,,,,510,509,509,508,,,,,,,,,,,,,,,,,,,,,,,,,,,,,,,,,70,,No,
517,128,130,128,131,516,,,,,514,,,,,,,,,,,,,,,,,,,,,,,,,,510,510,509,510,,,,,,,,,,,,,,,,,,,,,,,,,,,,,,,,,,,No,
512,129,127,128,128,508,126,129,127,126,511,129,127,128,127,73.5,56,91,71,76,94,21,24,25,24,,,,499,498,501,,,,,,,,,,,,,,,,,,,,,,,,,,,,,,,,,,,,,,,,,,,,No,
513,130,127,129,127,513,129,128,129,127,516,130,129,129,128,87,83,92,81,88,,,,,,,,,,,,,,,,,514,515,512,512,,,,,,,,,,,,,,,,,,,,,,,,,,,,,,,,,,,Yes,2
519,130,128,131,130,514,128,128,129,129,514,129,129,130,126,,,,,,,,,,,,,,504,506,,,,,,,512,510,506,509,509,504,509,,,,,,,,,,,,,,506,509,510,,,,,,,,,,,,,,,,No,
517,129,130,128,130,512,,,,,511,,,,,,,,,,,,,,,,,,,,,,,,,,,,,,,,,,,,,,,,,,,,,,504,508,508,511,,510,509,,,,,,,,,,,,No,
500,124,123,125,128,509,129,124,128,128,509,130,125,129,125,,,,,,,,,,,,,,,,,,,,,,,,,,,,,,,,,,,,,,,,,,,,,,,,,,,,,,,,,,,,No,
515,130,128,128,129,511,127,125,132,127,513,130,126,130,127,86,78,91,90,86,,,,,,,,,,,,,,,,,509,509,508,,,,,,,,,,,,,,,,,,,,,,,,,,,,,,,,,,,,Yes,2
510,129,126,125,130,,,,,,,,,,,,,,,,,,,,,,,,,,,,,,,,506,509,507,506,,,,,,,,,,,,,,,,,,,,,,,,,,,,,,,,,,,Yes,
518,129,128,132,129,511,129,129,128,125,514,131,127,130,126,,,,,,,,,,,82,81,74,503,502,501,,,,,,511,,,,,,,,,,,,,,,,,,,,,,,,,,,,,,,,,,,,,,Yes,1
518,129,129,131,129,,,,,,,,,,,90,75,89,98,95,,,,,,,,,,,,,,,,,,,,,,,,,,,,,,,,,,,,,,,,,,,,,,,,,,,,,,,No,
513,127,128,128,130,508,127,127,128,126,510,127,129,129,125,70,59,79,69,73,,,,,,,,,,,,,,,,,,,,,,,,,,,,,,,,,,,,,,,,,,,,,,,,,,,,,,,Yes,3
515,127,129,131,128,522,131,130,131,130,522,129,132,131,130,,,,,,,,,,,,,,,,,,,,,,,,,,,,,,,,,,,,,,,,,,,,,,,,,,,,,,,,,,,,Yes,2
522,130,130,132,130,516,,,,,516,,,,,,,,,,,,,,,,,,,,,,,,,,,,,,,,,,,,,,,,,,,,,,,,,,,,,,,,,,,,,,,,Yes,1
516,130,126,130,130,523,130,130,131,132,513,128,128,130,127,82,73,84,85,86,,,,,,,,,,,,,,,,,509,509,510,503,,,,,,,,,,,,,,,,,,,,,,,,,,,,,,,,,61,73,No,
526,132,132,131,131,523,132,131,131,129,522,132,130,131,129,88,92,94,85,81,112,28,28,27,29,86,88,80,,,,,,,,,516,513,513,513,,,,,,,,,,,,,,,,,,,,,,,,,,,,,,,83,86,82,,No,
505,125,128,124,128,498,126,123,124,125,498,123,126,124,125,,51,87,56,66,70,14,17,18,21,,,,,,,,,,,,,,,,,,,,,,,,,,,,,,,,,,,,,,,,,,,,,,,,,,No,
518,130,126,130,132,519,130,127,132,130,516,131,125,131,129,89,93,91,90,83,100,25,24,28,23,79,79,77,508,508,508,,,,,,512,513,,,,,,,,,,,,,,,,,,,507,507,509,,,,,,,,,,,,,,,,Yes,2
520,130,130,130,130,517,129,130,128,130,518,130,130,130,128,,83,89,90,86,93,21,21,24,27,53,53,58,,,,,,,,,511,509,513,510,,,,,,,,,,,,,,,,,,,,,,,,,,,,,,,,,,,No,
517,129,131,128,129,,,,,,,,,,,,,,,,,,,,,,,,,,,,,,,,,,,,,,,,,,,,,,,,,,,,,,,,,,,,,,,,,,,,,,No,
520,132,129,129,130,516,130,128,131,127,,,,,,78,83,83,80,66,,,,,,80,65,66,,,,,,,,,,,,,,,,,,,508,508,511,,,,,,,,,,,,,,,,,,,,,,66,71,77,,Yes,2
508,125,126,128,129,507,125,128,127,127,508,125,127,129,127,,,,,,,,,,,,,,,,,,,,,,,,,,,,,,,,,,,,,,,,,,,,,,,,,,,,,,,,,,,,No,
514,128,125,130,131,513,128,127,129,129,510,127,127,129,127,74.5,61,89,68,80,,,,,,60,55,73,,,,,,,,,,,,,,,,,,,,,,,,,,,,,504,502,506,505,507,,,,,,,,,,,,,,No,
519,129,129,131,130,516,130,128,130,128,517,130,128,131,128,,,,,,,,,,,,,,501,499,506,507,511,,,,,,,,,,,,,,,,,,,,,,,,,,,,,,,,,,,,,,,,,,No,
498,124,124,125,125,497,124,125,125,123,497,124,125,125,123,,,,,,,,,,,,,,,,,,,,,,,,,,,,,,,,,,,,,,,,,,,,,,,,,,,,,,,,,,,,No,
515,129,130,129,127,507,129,126,127,125,506,129,124,129,124,,,,,,,,,,,,,,,,,,,,,,,,,,,,,,,,,,,,,,,,,,,,,,,,,,,,,,,,,,,,Yes,1
512,129,126,128,129,510,127,129,127,127,504,127,124,128,125,,75,76,75,80,,,,,,,,,,,,,,,,,,,,,,,,,,,,,,,,,,,,,,,,,,,,,,500,,,,,59,,,69,Yes,2
511,128,125,127,131,518,130,129,130,129,518,131,128,132,127,,,,,,,,,,,,,,,,,,,,,,,,,,,,,,,,,,,,,,,,,,,,,,,,,,,,,,,,,,,,Yes,2
516,130,128,128,130,509,129,127,127,126,,,,,,74,81,79,58,78,,17,27,18,17,,,,502,,,,,,,,501,502,504,502,,,,,,,,,,,,,,,,,,,,,,,,,,,,,,,,,,,Yes,2
512,126,131,126,129,,,,,,,,,,,,,,,,,,,,,,,,,,,,,,,,,,,,,,,,,,,,,,,,,,,,,,,,,,,,,,,,,,,,,,Yes,3
518,130,128,130,130,513,130,126,129,128,509,130,125,129,125,,73,91,83,85,,,,,,,,,,,,,,,,,,,,,,,,,,,,,,,,,,,,,,,,,,,,,,,,,,,,,,,No,
517,127,128,131,131,,,,,,,,,,,,,,,,,,,,,,,,,,,,,,,,,,,,,,,,,,,,,,,,,,,,506,507,,,,,,,,,,,,,,,,,Yes,3
520,130,130,128,132,518,131,129,130,128,514,130,126,130,128,81,78,92,75,80,80,15,24,24,17,,,,,,,,,,,,506,509,510,,,,,,,,,,,,,,,,,,,,,,,,,,,,,,,,,,,,No,
512,126,128,128,130,507,128,128,125,126,506,128,124,130,124,78,81,77,78,76,,,,,,,,,,,,,,,,,510,509,508,505,,,,,,,,,,,,,,,,,,,,,,,,,,,,,,,,,,,Yes,3
515,128,128,128,131,506,128,127,124,127,507,129,123,128,127,82,76,91,73,88,90,24,20,23,23,58,64,58,,,,,,,,,,,,,,,,,,,,,,,,,,,,,,,,,,,,,,,,,,,63,65,67,65,No,
511,128,128,129,126,509,128,128,127,126,505,128,124,127,126,,,,,,,,,,,,,,495,490,500,501,497,503,501,501,505,,,,,,,,,,,,,,,,,,,,,,,,,,,,,,,,,,55,67,57,,No,
517,130,129,130,128,511,130,127,129,125,518,131,128,129,130,,83,85,85,93,,,,,,,,,,,,,,,,,,,,,,,,,,,,,,,,,,,,,,,,,,,,,,,,,,,,,,,Yes,2
518,130,129,130,129,512,129,127,129,127,511,128,128,128,127,71.25,64,87,59,75,93,21,27,19,26,68,79,73,500,501,,,,,,,507,,,,,,,,,,,,,,,,,,,,,,,,,,,,,,,,,,,,,,No,
518,129,128,131,130,515,131,125,130,129,512,130,126,130,126,,,,,,,,,,,80,78,65,,,,,,,,,507,503,504,508,,,,,,,,,,,,,,,,,501,502,505,,,,,,,,,,,,,75,76,74,No,
510,129,127,127,127,,,,,,,,,,,,,,,,,,,,,,,,,,,,,,,,,,,,,,,,,,,,,,,,,,,,496,504,504,,,,,,,,,,,,,,,,No,
519,131,129,130,129,,,,,,519,130,128,131,130,89,92,89,88,86,107,27,27,28,25,98,92,79,,,,,,,,,,,,,,,,,,,,,,,,,,,,,,,,,,,,,,,,,,,,,,,No,
515,128,131,126,130,511,127,129,127,128,506,124,128,125,129,72,49,94,63,80,82,17,28,16,21,72,68,66,,,,,,,,,509,,,,,,,,,,,,,,,,,,,,496,506,,,,,,,,,,,,,,,,,No,
500,125,125,125,125,,125,125,125,125,,,,,,,,,,,,,,,,,,,,,,,,,,,,,,,,,,,,,,,,,,,,,,,,,,,,,,,,,,,,,,,,,No,
517,128,127,131,131,509,128,125,130,126,514,130,126,131,127,85,,,,,105,,,,,80,87,79,505,,,,,,,,,,,,,,,,,,,,,,,,,,,,,,,,,,,,,,,,,,,,72,69,Yes,2
525,132,130,132,131,518,130,130,130,128,520,130,130,131,129,,90,96,95,90,,,,,,,,,,,,,,,,,512,512,514,514,519,513,511,510,,,,,,,,,,,,,,,,,,,,,,,,,,,,,,,No,
519,130,130,129,130,513,129,127,128,129,516,129,128,128,131,,75,96,81,92,,,,,,,,,,,,,,,,,511,510,511,511,,,,,,,,,,,,,,,,,507,513,,,,,,,,,,,,,,,,,No,
503,126,124,126,127,502,127,123,127,125,505,127,125,127,126,68.5,68,66,69,71,83,21,20,19,23,63,55,69,497,498,502,,,,,,506,,,,,,,,,,,,,,,,,,,,,,,,,,,,,,,,,,,,,,Yes,2
521,128,131,132,130,,,,,,,,,,,,,,,,,,,,,,,,,,,,,,,,,,,,,,,,,,,,,,,,,,,,,,,,,,,,,,,,,,,,,,No,
515,127,129,129,130,,,,,,,,,,,,,,,,,,,,,,,,,,,,,,,,,,,,,,,,,,,,,,,,,,,,,,,,,,,,,,,,,,,,,,Yes,1
519,131,128,130,130,518,129,132,130,127,,,,,,,,,,,,,,,,,,,,,,,,,,,,,,,,,,,,,,,,,,,,,,,508,514,512,517,,,,,,,,,,,,,,,No,
515,129,128,128,130,512,127,127,130,128,519,128,129,132,130,81,83,89,71,83,91,18,28,20,25,,,,,,,,,,,,513,509,509,512,,,,,,,,,,,,,,,,,,,,,,,,,,,,,,,,,73,76,No,
528,132,132,132,132,523,132,130,131,130,527,132,132,132,131,92,93,89,97,89,,,,,,84,85,80,515,519,,,,,,,514,,,,,,,,,,,,,,,,,,,,511,517,519,,,,,,,,,,,,,,,,No,
500,125,124,125,126,493,123,123,122,125,,,,,,66,58,79,44,83,,,,,,,,,,,,,,,,,,,,496,,,,,,,,,,,,,,,,,,,,,495,492,,,,,,,,,55,60,,,Yes,2
526,131,131,132,132,522,130,130,132,130,523,131,130,132,130,90,85,94,88,93,105,25,28,25,27,85,84,89,,,,,,,,,,,,,,,,,,,,,,,,,,,,,,,,,,,,,,,,,,,,,,,No,
522,131,129,132,130,514,130,127,130,127,508,129,124,130,125,,,,,,,,,,,,,,,,,,,,,,,,,,,,,,,,,,,,,,,,,,,,,,,,,,,,,,,,,,,,Yes,
518,132,127,130,129,513,130,127,128,128,513,130,125,130,128,,90,85,90,90,101,26,25,25,25,,,,,,,,,,,,,,,,,,,,,,,,,,,,,,,,,,,,,,,,,,,,,,,,,,No,
520,129,128,131,132,516,129,131,130,126,509,126,130,129,124,,,,,,,,,,,,,,,,,,,,,,509,509,508,511,,,,,,,,,,,,,,,,,,,,,,,,,,,,,,,,,,,No,
515,130,126,132,127,518,131,130,129,128,510,130,124,128,128,82.25,80,83,76,90,98,26,22,24,26,74,70,66,497,505,499,505,501,505,500,503,,,,,,,,,,,,,,,,,,,,,,,,,,,,,,,,,,,,,,,No,
517,131,126,129,131,519,130,129,130,130,515,131,127,130,127,82,78,85,85,80,102,27,25,23,27,71,81,59,,,,,,,,,,,,,,,,,,,,,,,,,,,,,,,,,,,,,,,,,,,,,,,Yes,2
521,129,130,130,132,517,128,129,129,131,512,128,128,129,127,83,80,85,83,83,,,,,,60,56,77,,,,,,,,,511,,,,,,,,,,,,,,,,,,,,502,,,,,,,,,,,,,,,,,,No,
517,129,128,131,129,514,129,128,129,128,510,127,128,127,128,,,,,,,,,,,,,,,,,,,,,,510,,,,,,,,,,,,,,,,,,,,,,,,,,,,,,,,,,,,,,No,
505,126,126,127,126,499,124,126,126,123,499,124,126,126,123,66,68,74,64,63,,,,,,,,,,,,,,,,,508,,,,,,,,,,,,,,,,,,,,,,,,,,,,,,,,,,61,,,62,No,
516,126,127,131,132,519,129,130,130,130,515,130,125,130,130,81.5,73,77,86,90,101,22,27,25,27,74,65,75,504,501,506,,,,,,509,,,,,,,,,,,,,,,,,,,,,,,,,,,,,,,,,,,,,,Yes,
519,129,130,131,129,518,130,130,129,129,518,129,130,131,128,83,76,91,83,81,90,22,23,21,24,81,77,68,,,,,,,,,,,,,,,,,,,509,,,,,,,,,,,,,,,,,,,,,,,,60,71,72,,No,
519,131,127,130,131,520,132,129,128,129,511,130,127,128,127,89,91.5,92.5,83,90,,,,,,,,,,,,,,,,,511,514,512,510,,,,,,,,,,,,,,,,,503,508,511,512,511,508,500,510,510,514,512,,,,,,,,No,
518,131,126,131,130,520,131,128,132,129,516,130,126,131,129,90,88,90,95,93,,,,,,,,,,,,,,,,,,,,,,,,,,,,,,,,,,,,,,,,,,,,,,,,,,,,,,,No,
517,130,126,131,130,519,131,128,131,129,522,131,128,132,131,86,97,83,80,83,96,26,23,23,24,81,84,72,,,,,,,,,513,516,514,510,514,512,,,,,,,,,,,,,,,511,,,,,,,,,,,,,,,,,,No,
506,125,128,125,128,,,,,,,,,,,,,,,,,,,,,,,,,,,,,,,,,,,,,,,,,,,,,,,,,,,,,,,,,,,,,,,,,,,,,,No,
520,130,130,130,130,511,130,129,126,126,516,131,130,130,125,,81,91,76,86,90,22,20,23,25,,,,,,,,,,,,,,,,,,,,,,,,,,,,,,,,503,507,502,,,,,,,,,,,,,,,,No,
524,130,131,132,131,516,129,127,130,130,520,130,130,131,129,89,83,89,92,93,,,,,,77,83,73,,,,,,,,,513,511,508,509,,,,,,,,,,,,,,,,,,,,,,,,,,,,,,,,,,,No,
519,130,132,129,128,516,129,130,129,128,515,130,128,129,128,,,,,,,,,,,,,,503,,,,,,,,510,,,,,,,,,,,,,,,,,,,,515,,,,,,,,,,,,,,,,,,No,
519,132,129,130,128,515,129,129,130,127,516,128,130,129,129,87.8,83,92,86,90,,,,,,,,,502,503,,,,,,,514,511,,,,,,,,,,,,,,,,,,,,,,,,,,,,,,,,,,,,,No,
520,130,127,131,132,519,130,129,130,129,515,132,125,131,127,,,,,,,,,,,75,79,72,,,,,,,,,508,512,,,,,,,,,,,,,,,,,,,,,,,,,,,,,,,,,,,,,No,
517,130,128,129,130,519,130,132,131,126,505,127,128,126,124,,,,,,,,,,,,,,497,501,502,507,511,508,,,,,,,,,,,,,,,,,,,,,,,,,,,,,,,,,,,,,,,,,No,
519,131,127,131,130,517,129,128,131,129,519,132,127,130,130,89.6,92,83,95,88,,,,,,85,85,77,503,,,,,,,,513,,,,514,,,,,,,,,,,,,,,,507,,,,,,,,,,,,,,79,,73,73,No,
522,130,132,130,130,520,129,132,131,128,520,131,130,131,128,,,,,,,,,,,65,78,77,505,502,506,508,508,508,510,,,,,,,,,,,,,,,,,,,,,,,,,,,,,,,,,,,,,,,,No,
522,131,128,131,132,524,132,131,131,130,514,128,130,129,127,87,85,89,88,86,,,,,,74,74,80,510,513,510,,,,,,517,520,,,,,,,,,,,,,,,,,,,,,,,,,,,,,,,,,,,,,No,
509,127,124,128,130,,,,,,,,,,,,,,,,,,,,,,,,,,,,,,,,,,,,,,,,,,,,,,,,,,,,,,,,,,,,,,,,,,,,,,No,
521,129,130,132,130,520,131,130,131,128,517,129,130,130,128,85,81,89,90,80,82,18,24,21,19,76,78,72,,,,,,,,,,,509,514,,,,,,,,,,,,,,,,,,,,,,,,,,,,,,,70,,,,No,
520,129,131,128,132,520,130,132,128,130,515,129,130,129,127,87.75,75,91,93,92,,,,,,76,86,80,504,507,508,507,512,509,506,508,,,,,,,,,,,,,,,,,,,,,,,,,,,,,,,,,,,,,,,No,
525,132,130,132,131,,,,,,516,130,127,130,129,,,,,,,,,,,,,,508,505,509,,,,,,,,,,,,,,,,,,,,,,,,,,512,513,,,,,,,,,,,,,,,,,No,
,,,,,,,,,,,,,,,,,,,,,,,,,,,,,,,,,,,,,,,,,,,,,,,,,,,,,,,,496,496,500,,,,,,,,,,,,,,63,,No,
,,,,,,,,,,,,,,,,,,,,,,,,,,,,,,,,,,,,,,,,,,,,,,,,,,,,,,,,499,506,509,512,,,,,,,,,,,,,,,No,
,,,,,,,,,,,,,,,,,,,,,,,,,,,,,,,,,,,,516,510,513,,,,,,,,,,,,,,,,,,507,510,,,,,,,,,,,,,,,,,No,
,,,,,,,,,,,,,,,,,,,,,,,,,,,,,,,,,,,,,,,,,,,,,,,,,,,,,,,,,,,,,,,,,,,,,,,,,,No,
,,,,,,,,,,,,,,,,,,,,,,,,,,,,,,,,,,,,514,,,,,,,,,,,,,,,,,,,,,,,,,,,,,,,,,,,,,,Yes,3
,,,,,,,,,,,,,,,,,,,,,,,,,,,,,,,,,,,,507,506,,,,,,,,,,,,,,,,,,,,,,,,,,,,,,,,,,,,,No,
,,,,,,,,,,,,,,,,,,,,,,,,,,,,,,,,,,,,,,,,,,,,,,,,,,,,,,,,506,513,512,519,513,511,511,512,513,511,514,,,,,,,,No,
,,,,,,,,,,,,,,,,,,,,,,,,,,,,,,,,,,,,,,,,,,,,,,,,,,,,,,,,498,497,,,,,,,,,,,,,,,,,No,
